[INFO] Scanning for projects...
[INFO] 
[INFO] -------------------< com.shanzhu:beadhouse-backend >--------------------
[INFO] Building beadhouse-backend 0.0.1-SNAPSHOT
[INFO] --------------------------------[ jar ]---------------------------------
[INFO] 
[INFO] >>> spring-boot-maven-plugin:2.6.1:run (default-cli) > test-compile @ beadhouse-backend >>>
[INFO] 
[INFO] --- maven-resources-plugin:3.2.0:resources (default-resources) @ beadhouse-backend ---
[INFO] Using 'UTF-8' encoding to copy filtered resources.
[INFO] Using 'UTF-8' encoding to copy filtered properties files.
[INFO] Copying 2 resources
[INFO] Copying 60 resources
[INFO] 
[INFO] --- maven-compiler-plugin:3.8.1:compile (default-compile) @ beadhouse-backend ---
[INFO] Nothing to compile - all classes are up to date
[INFO] 
[INFO] --- maven-resources-plugin:3.2.0:testResources (default-testResources) @ beadhouse-backend ---
[INFO] Using 'UTF-8' encoding to copy filtered resources.
[INFO] Using 'UTF-8' encoding to copy filtered properties files.
[INFO] skip non existing resourceDirectory d:\个人资料\毕设\敬老院管理系统\敬老院管理系统\beadhouse-backend\src\test\resources
[INFO] 
[INFO] --- maven-compiler-plugin:3.8.1:testCompile (default-testCompile) @ beadhouse-backend ---
[INFO] No sources to compile
[INFO] 
[INFO] <<< spring-boot-maven-plugin:2.6.1:run (default-cli) < test-compile @ beadhouse-backend <<<
[INFO] 
[INFO] 
[INFO] --- spring-boot-maven-plugin:2.6.1:run (default-cli) @ beadhouse-backend ---
[INFO] Attaching agents: []

  .   ____          _            __ _ _
 /\\ / ___'_ __ _ _(_)_ __  __ _ \ \ \ \
( ( )\___ | '_ | '_| | '_ \/ _` | \ \ \ \
 \\/  ___)| |_)| | | | | || (_| |  ) ) ) )
  '  |____| .__|_| |_|_| |_\__, | / / / /
 =========|_|==============|___/=/_/_/_/
 :: Spring Boot ::                (v2.6.1)

2026-03-27 15:57:39.232  INFO 31348 --- [           main] c.shanzhu.beadhouse.BackendApplication   : Starting BackendApplication using Java 1.8.0_401 on Xiang with PID 31348 (D:\个人资料\毕设\敬老院管理系统\敬老院管理系统\beadhouse-backend\target\classes started by 31759 in d:\个人资料\毕设\敬老院管理系统\敬老院管理系统\beadhouse-backend)
2026-03-27 15:57:39.234  INFO 31348 --- [           main] c.shanzhu.beadhouse.BackendApplication   : The following profiles are active: dev
2026-03-27 15:57:39.235 DEBUG 31348 --- [           main] o.s.boot.SpringApplication               : Loading source class com.shanzhu.beadhouse.BackendApplication
2026-03-27 15:57:39.262 DEBUG 31348 --- [           main] ConfigServletWebServerApplicationContext : Refreshing org.springframework.boot.web.servlet.context.AnnotationConfigServletWebServerApplicationContext@f736069
2026-03-27 15:57:40.069  INFO 31348 --- [           main] .s.d.r.c.RepositoryConfigurationDelegate : Multiple Spring Data modules found, entering strict repository configuration mode!
2026-03-27 15:57:40.075  INFO 31348 --- [           main] .s.d.r.c.RepositoryConfigurationDelegate : Bootstrapping Spring Data Redis repositories in DEFAULT mode.
2026-03-27 15:57:40.087 DEBUG 31348 --- [           main] o.s.b.a.AutoConfigurationPackages        : @EnableAutoConfiguration was declared on a class in the package 'com.shanzhu.beadhouse'. Automatic @Repository and @Entity scanning is enabled.
2026-03-27 15:57:40.114  INFO 31348 --- [           main] .s.d.r.c.RepositoryConfigurationDelegate : Finished Spring Data repository scanning in 29 ms. Found 0 Redis repository interfaces.
2026-03-27 15:57:41.027 DEBUG 31348 --- [           main] .s.b.w.e.t.TomcatServletWebServerFactory : Code archive: D:\m2repo\org\springframework\boot\spring-boot\2.6.1\spring-boot-2.6.1.jar
2026-03-27 15:57:41.030 DEBUG 31348 --- [           main] .s.b.w.e.t.TomcatServletWebServerFactory : Code archive: D:\m2repo\org\springframework\boot\spring-boot\2.6.1\spring-boot-2.6.1.jar
2026-03-27 15:57:41.031 DEBUG 31348 --- [           main] .s.b.w.e.t.TomcatServletWebServerFactory : None of the document roots [src/main/webapp, public, static] point to a directory and will be ignored.
2026-03-27 15:57:41.050  INFO 31348 --- [           main] o.s.b.w.embedded.tomcat.TomcatWebServer  : Tomcat initialized with port(s): 9004 (http)
2026-03-27 15:57:41.059  INFO 31348 --- [           main] o.apache.catalina.core.StandardService   : Starting service [Tomcat]
2026-03-27 15:57:41.060  INFO 31348 --- [           main] org.apache.catalina.core.StandardEngine  : Starting Servlet engine: [Apache Tomcat/9.0.55]
2026-03-27 15:57:41.061  WARN 31348 --- [           main] o.a.catalina.core.AprLifecycleListener   : This listener must only be nested within Server elements, but is in [TomcatEmbeddedContext].
2026-03-27 15:57:41.062  INFO 31348 --- [           main] o.a.catalina.core.AprLifecycleListener   : Loaded Apache Tomcat Native library [1.3.1] using APR version [1.7.4].
2026-03-27 15:57:41.062  INFO 31348 --- [           main] o.a.catalina.core.AprLifecycleListener   : APR capabilities: IPv6 [true], sendfile [true], accept filters [false], random [true], UDS [true].
2026-03-27 15:57:41.062  INFO 31348 --- [           main] o.a.catalina.core.AprLifecycleListener   : APR/OpenSSL configuration: useAprConnector [false], useOpenSSL [true]
2026-03-27 15:57:41.065  INFO 31348 --- [           main] o.a.catalina.core.AprLifecycleListener   : OpenSSL successfully initialized [OpenSSL 3.0.14 4 Jun 2024]
2026-03-27 15:57:41.137  INFO 31348 --- [           main] o.a.c.c.C.[Tomcat].[localhost].[/]       : Initializing Spring embedded WebApplicationContext
2026-03-27 15:57:41.138 DEBUG 31348 --- [           main] w.s.c.ServletWebServerApplicationContext : Published root WebApplicationContext as ServletContext attribute with name [org.springframework.web.context.WebApplicationContext.ROOT]
2026-03-27 15:57:41.138  INFO 31348 --- [           main] w.s.c.ServletWebServerApplicationContext : Root WebApplicationContext: initialization completed in 1876 ms
2026-03-27 15:57:41.298 DEBUG 31348 --- [           main] o.s.b.w.s.ServletContextInitializerBeans : Mapping filters: springSecurityFilterChain urls=[/*] order=-100, filterRegistrationBean urls=[/*] order=2147483647, characterEncodingFilter urls=[/*] order=-2147483648, formContentFilter urls=[/*] order=-9900, requestContextFilter urls=[/*] order=-105, jwtAuthenticationTokenFilter urls=[/*] order=2147483647
2026-03-27 15:57:41.300 DEBUG 31348 --- [           main] o.s.b.w.s.ServletContextInitializerBeans : Mapping servlets: dispatcherServlet urls=[/], statViewServlet urls=[/druid/*]
2026-03-27 15:57:41.314 DEBUG 31348 --- [           main] o.s.b.w.s.f.OrderedRequestContextFilter  : Filter 'requestContextFilter' configured for use
2026-03-27 15:57:41.314 DEBUG 31348 --- [           main] s.b.w.s.f.OrderedCharacterEncodingFilter : Filter 'characterEncodingFilter' configured for use
2026-03-27 15:57:41.315 DEBUG 31348 --- [           main] .DelegatingFilterProxyRegistrationBean$1 : Filter 'springSecurityFilterChain' configured for use
2026-03-27 15:57:41.316 DEBUG 31348 --- [           main] o.s.b.w.s.f.OrderedFormContentFilter     : Filter 'formContentFilter' configured for use
Logging initialized using 'class org.apache.ibatis.logging.stdout.StdOutImpl' adapter.
2026-03-27 15:57:41.468  INFO 31348 --- [           main] c.a.d.s.b.a.DruidDataSourceAutoConfigure : Init DruidDataSource
2026-03-27 15:57:41.637  INFO 31348 --- [           main] com.alibaba.druid.pool.DruidDataSource   : {dataSource-1} inited
Registered plugin: 'com.baomidou.mybatisplus.extension.plugins.MybatisPlusInterceptor@2c63762b'
Parsed mapper file: 'file [D:\个人资料\毕设\敬老院管理系统\敬老院管理系统\beadhouse-backend\target\classes\mapper\AccidentMapper.xml]'
Parsed mapper file: 'file [D:\个人资料\毕设\敬老院管理系统\敬老院管理系统\beadhouse-backend\target\classes\mapper\ActiveMapper.xml]'
Parsed mapper file: 'file [D:\个人资料\毕设\敬老院管理系统\敬老院管理系统\beadhouse-backend\target\classes\mapper\ActiveParticipantMapper.xml]'
Parsed mapper file: 'file [D:\个人资料\毕设\敬老院管理系统\敬老院管理系统\beadhouse-backend\target\classes\mapper\ActiveTypeMapper.xml]'
Parsed mapper file: 'file [D:\个人资料\毕设\敬老院管理系统\敬老院管理系统\beadhouse-backend\target\classes\mapper\AuthMapper.xml]'
Parsed mapper file: 'file [D:\个人资料\毕设\敬老院管理系统\敬老院管理系统\beadhouse-backend\target\classes\mapper\BaseAttachmentMapper.xml]'
Parsed mapper file: 'file [D:\个人资料\毕设\敬老院管理系统\敬老院管理系统\beadhouse-backend\target\classes\mapper\BedMapper.xml]'
Parsed mapper file: 'file [D:\个人资料\毕设\敬老院管理系统\敬老院管理系统\beadhouse-backend\target\classes\mapper\BuildingMapper.xml]'
Parsed mapper file: 'file [D:\个人资料\毕设\敬老院管理系统\敬老院管理系统\beadhouse-backend\target\classes\mapper\CateringSetMapper.xml]'
Parsed mapper file: 'file [D:\个人资料\毕设\敬老院管理系统\敬老院管理系统\beadhouse-backend\target\classes\mapper\CommunicationRecordMapper.xml]'
Parsed mapper file: 'file [D:\个人资料\毕设\敬老院管理系统\敬老院管理系统\beadhouse-backend\target\classes\mapper\ConsultMapper.xml]'
Parsed mapper file: 'file [D:\个人资料\毕设\敬老院管理系统\敬老院管理系统\beadhouse-backend\target\classes\mapper\ConsumeMapper.xml]'
Parsed mapper file: 'file [D:\个人资料\毕设\敬老院管理系统\敬老院管理系统\beadhouse-backend\target\classes\mapper\ContractMapper.xml]'
Parsed mapper file: 'file [D:\个人资料\毕设\敬老院管理系统\敬老院管理系统\beadhouse-backend\target\classes\mapper\DepositInfoMapper.xml]'
Parsed mapper file: 'file [D:\个人资料\毕设\敬老院管理系统\敬老院管理系统\beadhouse-backend\target\classes\mapper\DishesMapper.xml]'
Parsed mapper file: 'file [D:\个人资料\毕设\敬老院管理系统\敬老院管理系统\beadhouse-backend\target\classes\mapper\DishesTypeMapper.xml]'
Parsed mapper file: 'file [D:\个人资料\毕设\敬老院管理系统\敬老院管理系统\beadhouse-backend\target\classes\mapper\DrugDepositMapper.xml]'
Parsed mapper file: 'file [D:\个人资料\毕设\敬老院管理系统\敬老院管理系统\beadhouse-backend\target\classes\mapper\ElderLabelMapper.xml]'
Parsed mapper file: 'file [D:\个人资料\毕设\敬老院管理系统\敬老院管理系统\beadhouse-backend\target\classes\mapper\ElderMapper.xml]'
Parsed mapper file: 'file [D:\个人资料\毕设\敬老院管理系统\敬老院管理系统\beadhouse-backend\target\classes\mapper\EmergencyContactMapper.xml]'
Parsed mapper file: 'file [D:\个人资料\毕设\敬老院管理系统\敬老院管理系统\beadhouse-backend\target\classes\mapper\FamilyMemberMapper.xml]'
Parsed mapper file: 'file [D:\个人资料\毕设\敬老院管理系统\敬老院管理系统\beadhouse-backend\target\classes\mapper\FloorMapper.xml]'
Parsed mapper file: 'file [D:\个人资料\毕设\敬老院管理系统\敬老院管理系统\beadhouse-backend\target\classes\mapper\HealthDataMapper.xml]'
Parsed mapper file: 'file [D:\个人资料\毕设\敬老院管理系统\敬老院管理系统\beadhouse-backend\target\classes\mapper\HealthInfoMapper.xml]'
Parsed mapper file: 'file [D:\个人资料\毕设\敬老院管理系统\敬老院管理系统\beadhouse-backend\target\classes\mapper\LabelMapper.xml]'
Parsed mapper file: 'file [D:\个人资料\毕设\敬老院管理系统\敬老院管理系统\beadhouse-backend\target\classes\mapper\LabelTypeMapper.xml]'
Parsed mapper file: 'file [D:\个人资料\毕设\敬老院管理系统\敬老院管理系统\beadhouse-backend\target\classes\mapper\MaterialMapper.xml]'
Parsed mapper file: 'file [D:\个人资料\毕设\敬老院管理系统\敬老院管理系统\beadhouse-backend\target\classes\mapper\MaterialTypeMapper.xml]'
Parsed mapper file: 'file [D:\个人资料\毕设\敬老院管理系统\敬老院管理系统\beadhouse-backend\target\classes\mapper\MedicineMapper.xml]'
Parsed mapper file: 'file [D:\个人资料\毕设\敬老院管理系统\敬老院管理系统\beadhouse-backend\target\classes\mapper\MedicineRecordMapper.xml]'
Parsed mapper file: 'file [D:\个人资料\毕设\敬老院管理系统\敬老院管理系统\beadhouse-backend\target\classes\mapper\MedicineSetMapper.xml]'
Parsed mapper file: 'file [D:\个人资料\毕设\敬老院管理系统\敬老院管理系统\beadhouse-backend\target\classes\mapper\NurseGradeMapper.xml]'
Parsed mapper file: 'file [D:\个人资料\毕设\敬老院管理系统\敬老院管理系统\beadhouse-backend\target\classes\mapper\NurseGroupMapper.xml]'
Parsed mapper file: 'file [D:\个人资料\毕设\敬老院管理系统\敬老院管理系统\beadhouse-backend\target\classes\mapper\NurseGroupMemberMapper.xml]'
Parsed mapper file: 'file [D:\个人资料\毕设\敬老院管理系统\敬老院管理系统\beadhouse-backend\target\classes\mapper\NurseItemMapper.xml]'
Parsed mapper file: 'file [D:\个人资料\毕设\敬老院管理系统\敬老院管理系统\beadhouse-backend\target\classes\mapper\NurseMapper.xml]'
Parsed mapper file: 'file [D:\个人资料\毕设\敬老院管理系统\敬老院管理系统\beadhouse-backend\target\classes\mapper\NurseReserveMapper.xml]'
Parsed mapper file: 'file [D:\个人资料\毕设\敬老院管理系统\敬老院管理系统\beadhouse-backend\target\classes\mapper\OrderDishesMapper.xml]'
Parsed mapper file: 'file [D:\个人资料\毕设\敬老院管理系统\敬老院管理系统\beadhouse-backend\target\classes\mapper\OrderMapper.xml]'
Parsed mapper file: 'file [D:\个人资料\毕设\敬老院管理系统\敬老院管理系统\beadhouse-backend\target\classes\mapper\OutboundMaterialMapper.xml]'
Parsed mapper file: 'file [D:\个人资料\毕设\敬老院管理系统\敬老院管理系统\beadhouse-backend\target\classes\mapper\OutboundRecordMapper.xml]'
Parsed mapper file: 'file [D:\个人资料\毕设\敬老院管理系统\敬老院管理系统\beadhouse-backend\target\classes\mapper\OutwardMapper.xml]'
Parsed mapper file: 'file [D:\个人资料\毕设\敬老院管理系统\敬老院管理系统\beadhouse-backend\target\classes\mapper\ReserveMapper.xml]'
Parsed mapper file: 'file [D:\个人资料\毕设\敬老院管理系统\敬老院管理系统\beadhouse-backend\target\classes\mapper\RetreatApplyMapper.xml]'
Parsed mapper file: 'file [D:\个人资料\毕设\敬老院管理系统\敬老院管理系统\beadhouse-backend\target\classes\mapper\RetreatMapper.xml]'
Parsed mapper file: 'file [D:\个人资料\毕设\敬老院管理系统\敬老院管理系统\beadhouse-backend\target\classes\mapper\RoleAuthMapper.xml]'
Parsed mapper file: 'file [D:\个人资料\毕设\敬老院管理系统\敬老院管理系统\beadhouse-backend\target\classes\mapper\RoleMapper.xml]'
Parsed mapper file: 'file [D:\个人资料\毕设\敬老院管理系统\敬老院管理系统\beadhouse-backend\target\classes\mapper\RoomMapper.xml]'
Parsed mapper file: 'file [D:\个人资料\毕设\敬老院管理系统\敬老院管理系统\beadhouse-backend\target\classes\mapper\RoomTypeMapper.xml]'
Parsed mapper file: 'file [D:\个人资料\毕设\敬老院管理系统\敬老院管理系统\beadhouse-backend\target\classes\mapper\ServiceItemMapper.xml]'
Parsed mapper file: 'file [D:\个人资料\毕设\敬老院管理系统\敬老院管理系统\beadhouse-backend\target\classes\mapper\ServiceTypeMapper.xml]'
Parsed mapper file: 'file [D:\个人资料\毕设\敬老院管理系统\敬老院管理系统\beadhouse-backend\target\classes\mapper\SetDishesMapper.xml]'
Parsed mapper file: 'file [D:\个人资料\毕设\敬老院管理系统\敬老院管理系统\beadhouse-backend\target\classes\mapper\SourceMapper.xml]'
Parsed mapper file: 'file [D:\个人资料\毕设\敬老院管理系统\敬老院管理系统\beadhouse-backend\target\classes\mapper\StaffMapper.xml]'
Parsed mapper file: 'file [D:\个人资料\毕设\敬老院管理系统\敬老院管理系统\beadhouse-backend\target\classes\mapper\VisitMapper.xml]'
Parsed mapper file: 'file [D:\个人资料\毕设\敬老院管理系统\敬老院管理系统\beadhouse-backend\target\classes\mapper\VisitPlanMapper.xml]'
Parsed mapper file: 'file [D:\个人资料\毕设\敬老院管理系统\敬老院管理系统\beadhouse-backend\target\classes\mapper\WarehouseMapper.xml]'
Parsed mapper file: 'file [D:\个人资料\毕设\敬老院管理系统\敬老院管理系统\beadhouse-backend\target\classes\mapper\WarehouseMaterialMapper.xml]'
Parsed mapper file: 'file [D:\个人资料\毕设\敬老院管理系统\敬老院管理系统\beadhouse-backend\target\classes\mapper\WarehouseRecordMapper.xml]'
 _ _   |_  _ _|_. ___ _ |    _ 
| | |\/|_)(_| | |_\  |_)||_|_\ 
     /               |         
                        3.4.3.4 
2026-03-27 15:57:44.120 DEBUG 31348 --- [           main] s.w.s.m.m.a.RequestMappingHandlerMapping : 258 mappings in 'requestMappingHandlerMapping'
2026-03-27 15:57:44.239 DEBUG 31348 --- [           main] s.w.s.m.m.a.RequestMappingHandlerAdapter : ControllerAdvice beans: 0 @ModelAttribute, 0 @InitBinder, 1 RequestBodyAdvice, 1 ResponseBodyAdvice
2026-03-27 15:57:44.271 DEBUG 31348 --- [           main] o.s.w.s.c.annotation.WebMvcConfigurer    : Default resource handling disabled
2026-03-27 15:57:44.278 DEBUG 31348 --- [           main] o.s.w.s.handler.SimpleUrlHandlerMapping  : Patterns [/doc.html, /favicon.ico, /v2/api-docs, /swagger-*/**, /swagger-ui.html, /webjars/**, /download/**, /upload/img/**, /upload/video/**, /upload/file/**] in 'resourceHandlerMapping'
2026-03-27 15:57:44.287 DEBUG 31348 --- [           main] .m.m.a.ExceptionHandlerExceptionResolver : ControllerAdvice beans: 1 @ExceptionHandler, 1 ResponseBodyAdvice
2026-03-27 15:57:44.418  INFO 31348 --- [           main] org.quartz.impl.StdSchedulerFactory      : Using default implementation for ThreadExecutor
2026-03-27 15:57:44.424  INFO 31348 --- [           main] org.quartz.core.SchedulerSignalerImpl    : Initialized Scheduler Signaller of type: class org.quartz.core.SchedulerSignalerImpl
2026-03-27 15:57:44.424  INFO 31348 --- [           main] org.quartz.core.QuartzScheduler          : Quartz Scheduler v.2.3.2 created.
2026-03-27 15:57:44.425  INFO 31348 --- [           main] org.quartz.simpl.RAMJobStore             : RAMJobStore initialized.
2026-03-27 15:57:44.426  INFO 31348 --- [           main] org.quartz.core.QuartzScheduler          : Scheduler meta-data: Quartz Scheduler (v2.3.2) 'quartzScheduler' with instanceId 'NON_CLUSTERED'
  Scheduler class: 'org.quartz.core.QuartzScheduler' - running locally.
  NOT STARTED.
  Currently in standby mode.
  Number of jobs executed: 0
  Using thread pool 'org.quartz.simpl.SimpleThreadPool' - with 10 threads.
  Using job-store 'org.quartz.simpl.RAMJobStore' - which does not support persistence. and is not clustered.

2026-03-27 15:57:44.426  INFO 31348 --- [           main] org.quartz.impl.StdSchedulerFactory      : Quartz scheduler 'quartzScheduler' initialized from an externally provided properties instance.
2026-03-27 15:57:44.426  INFO 31348 --- [           main] org.quartz.impl.StdSchedulerFactory      : Quartz scheduler version: 2.3.2
2026-03-27 15:57:44.427  INFO 31348 --- [           main] org.quartz.core.QuartzScheduler          : JobFactory set to: org.springframework.scheduling.quartz.SpringBeanJobFactory@51eb0e84
2026-03-27 15:57:44.510  INFO 31348 --- [           main] o.s.s.web.DefaultSecurityFilterChain     : Will secure any request with [org.springframework.security.web.context.request.async.WebAsyncManagerIntegrationFilter@14b95942, org.springframework.security.web.context.SecurityContextPersistenceFilter@2262f0d8, org.springframework.security.web.header.HeaderWriterFilter@16ac4d3d, org.springframework.web.filter.CorsFilter@3375b118, org.springframework.security.web.authentication.logout.LogoutFilter@507049f2, com.shanzhu.beadhouse.common.config.security.filter.JwtAuthenticationTokenFilter@542f6803, org.springframework.security.web.savedrequest.RequestCacheAwareFilter@59e082f8, org.springframework.security.web.servletapi.SecurityContextHolderAwareRequestFilter@5ed25612, org.springframework.security.web.authentication.AnonymousAuthenticationFilter@667797f, org.springframework.security.web.session.SessionManagementFilter@2bdb5e0f, org.springframework.security.web.access.ExceptionTranslationFilter@68e47e7, org.springframework.security.web.access.intercept.FilterSecurityInterceptor@286866cb]
2026-03-27 15:57:44.563  INFO 31348 --- [           main] o.s.b.w.embedded.tomcat.TomcatWebServer  : Tomcat started on port(s): 9004 (http) with context path ''
2026-03-27 15:57:45.148  INFO 31348 --- [nio-9004-exec-1] o.a.c.c.C.[Tomcat].[localhost].[/]       : Initializing Spring DispatcherServlet 'dispatcherServlet'
2026-03-27 15:57:45.152  INFO 31348 --- [nio-9004-exec-1] o.s.web.servlet.DispatcherServlet        : Initializing Servlet 'dispatcherServlet'
2026-03-27 15:57:45.152 DEBUG 31348 --- [nio-9004-exec-1] o.s.web.servlet.DispatcherServlet        : Detected StandardServletMultipartResolver
2026-03-27 15:57:45.153 DEBUG 31348 --- [nio-9004-exec-1] o.s.web.servlet.DispatcherServlet        : Detected AcceptHeaderLocaleResolver
2026-03-27 15:57:45.153 DEBUG 31348 --- [nio-9004-exec-1] o.s.web.servlet.DispatcherServlet        : Detected FixedThemeResolver
2026-03-27 15:57:45.157 DEBUG 31348 --- [nio-9004-exec-1] o.s.web.servlet.DispatcherServlet        : Detected org.springframework.web.servlet.view.DefaultRequestToViewNameTranslator@1cc33d44
2026-03-27 15:57:45.176 DEBUG 31348 --- [nio-9004-exec-1] o.s.web.servlet.DispatcherServlet        : Detected org.springframework.web.servlet.support.SessionFlashMapManager@62b8a7e0
2026-03-27 15:57:45.176 DEBUG 31348 --- [nio-9004-exec-1] o.s.web.servlet.DispatcherServlet        : enableLoggingRequestDetails='false': request parameters and headers will be masked to prevent unsafe logging of potentially sensitive data
2026-03-27 15:57:45.177  INFO 31348 --- [nio-9004-exec-1] o.s.web.servlet.DispatcherServlet        : Completed initialization in 25 ms
2026-03-27 15:57:45.188 DEBUG 31348 --- [nio-9004-exec-1] s.w.s.m.m.a.RequestMappingHandlerMapping : Mapped to com.shanzhu.beadhouse.controller.AccountController#login(LoginQuery)
2026-03-27 15:57:45.195  INFO 31348 --- [nio-9004-exec-1] s.b.c.c.s.f.JwtAuthenticationTokenFilter : http://127.0.0.1:9004/account/login
2026-03-27 15:57:45.205 DEBUG 31348 --- [nio-9004-exec-1] o.s.web.servlet.DispatcherServlet        : POST "/account/login", parameters={}
2026-03-27 15:57:45.213 DEBUG 31348 --- [nio-9004-exec-1] s.w.s.m.m.a.RequestMappingHandlerMapping : Mapped to com.shanzhu.beadhouse.controller.AccountController#login(LoginQuery)
2026-03-27 15:57:45.416 DEBUG 31348 --- [nio-9004-exec-1] m.m.a.RequestResponseBodyMethodProcessor : Read "application/json;charset=UTF-8" to [LoginQuery(tenantCode=default, phone=13547584400, pass=123456)]
2026-03-27 15:57:45.424  INFO 31348 --- [           main] o.s.s.quartz.SchedulerFactoryBean        : Starting Quartz Scheduler now
2026-03-27 15:57:45.424  INFO 31348 --- [           main] org.quartz.core.QuartzScheduler          : Scheduler quartzScheduler_$_NON_CLUSTERED started.
2026-03-27 15:57:45.433 DEBUG 31348 --- [           main] ConditionEvaluationReportLoggingListener : 


============================
CONDITIONS EVALUATION REPORT
============================


Positive matches:
-----------------

   AopAutoConfiguration matched:
      - @ConditionalOnProperty (spring.aop.auto=true) matched (OnPropertyCondition)

   AopAutoConfiguration.ClassProxyingConfiguration matched:
      - @ConditionalOnMissingClass did not find unwanted class 'org.aspectj.weaver.Advice' (OnClassCondition)
      - @ConditionalOnProperty (spring.aop.proxy-target-class=true) matched (OnPropertyCondition)

   DataSourceAutoConfiguration matched:
      - @ConditionalOnClass found required classes 'javax.sql.DataSource', 'org.springframework.jdbc.datasource.embedded.EmbeddedDatabaseType' (OnClassCondition)
      - @ConditionalOnMissingBean (types: io.r2dbc.spi.ConnectionFactory; SearchStrategy: all) did not find any beans (OnBeanCondition)

   DataSourceConfiguration.Generic matched:
      - @ConditionalOnProperty (spring.datasource.type) matched (OnPropertyCondition)

   DataSourceInitializationConfiguration matched:
      - @ConditionalOnClass found required class 'org.springframework.jdbc.datasource.init.DatabasePopulator' (OnClassCondition)
      - @ConditionalOnSingleCandidate (types: javax.sql.DataSource; SearchStrategy: all) found a primary bean from beans 'dataSource'; @ConditionalOnMissingBean (types: org.springframework.boot.autoconfigure.sql.init.SqlDataSourceScriptDatabaseInitializer,org.springframework.boot.autoconfigure.sql.init.SqlR2dbcScriptDatabaseInitializer; SearchStrategy: all) did not find any beans (OnBeanCondition)

   DataSourceJmxConfiguration matched:
      - @ConditionalOnProperty (spring.jmx.enabled=true) matched (OnPropertyCondition)

   DataSourceJmxConfiguration.Hikari matched:
      - @ConditionalOnClass found required class 'com.zaxxer.hikari.HikariDataSource' (OnClassCondition)

   DataSourcePoolMetadataProvidersConfiguration.HikariPoolDataSourceMetadataProviderConfiguration matched:
      - @ConditionalOnClass found required class 'com.zaxxer.hikari.HikariDataSource' (OnClassCondition)

   DataSourceTransactionManagerAutoConfiguration matched:
      - @ConditionalOnClass found required classes 'org.springframework.jdbc.core.JdbcTemplate', 'org.springframework.transaction.TransactionManager' (OnClassCondition)

   DataSourceTransactionManagerAutoConfiguration.JdbcTransactionManagerConfiguration matched:
      - @ConditionalOnSingleCandidate (types: javax.sql.DataSource; SearchStrategy: all) found a primary bean from beans 'dataSource' (OnBeanCondition)

   DataSourceTransactionManagerAutoConfiguration.JdbcTransactionManagerConfiguration#transactionManager matched:
      - @ConditionalOnMissingBean (types: org.springframework.transaction.TransactionManager; SearchStrategy: all) did not find any beans (OnBeanCondition)

   DispatcherServletAutoConfiguration matched:
      - @ConditionalOnClass found required class 'org.springframework.web.servlet.DispatcherServlet' (OnClassCondition)
      - found 'session' scope (OnWebApplicationCondition)

   DispatcherServletAutoConfiguration.DispatcherServletConfiguration matched:
      - @ConditionalOnClass found required class 'javax.servlet.ServletRegistration' (OnClassCondition)
      - Default DispatcherServlet did not find dispatcher servlet beans (DispatcherServletAutoConfiguration.DefaultDispatcherServletCondition)

   DispatcherServletAutoConfiguration.DispatcherServletRegistrationConfiguration matched:
      - @ConditionalOnClass found required class 'javax.servlet.ServletRegistration' (OnClassCondition)
      - DispatcherServlet Registration did not find servlet registration bean (DispatcherServletAutoConfiguration.DispatcherServletRegistrationCondition)

   DispatcherServletAutoConfiguration.DispatcherServletRegistrationConfiguration#dispatcherServletRegistration matched:
      - @ConditionalOnBean (names: dispatcherServlet types: org.springframework.web.servlet.DispatcherServlet; SearchStrategy: all) found bean 'dispatcherServlet' (OnBeanCondition)

   DruidDataSourceAutoConfigure matched:
      - @ConditionalOnClass found required class 'com.alibaba.druid.pool.DruidDataSource' (OnClassCondition)

   DruidDataSourceAutoConfigure#dataSource matched:
      - @ConditionalOnMissingBean (types: javax.sql.DataSource; SearchStrategy: all) did not find any beans (OnBeanCondition)

   DruidStatViewServletConfiguration matched:
      - @ConditionalOnWebApplication (required) found 'session' scope (OnWebApplicationCondition)
      - @ConditionalOnProperty (spring.datasource.druid.stat-view-servlet.enabled=true) matched (OnPropertyCondition)

   EmbeddedWebServerFactoryCustomizerAutoConfiguration matched:
      - @ConditionalOnWebApplication (required) found 'session' scope (OnWebApplicationCondition)

   EmbeddedWebServerFactoryCustomizerAutoConfiguration.TomcatWebServerFactoryCustomizerConfiguration matched:
      - @ConditionalOnClass found required classes 'org.apache.catalina.startup.Tomcat', 'org.apache.coyote.UpgradeProtocol' (OnClassCondition)

   ErrorMvcAutoConfiguration matched:
      - @ConditionalOnClass found required classes 'javax.servlet.Servlet', 'org.springframework.web.servlet.DispatcherServlet' (OnClassCondition)
      - found 'session' scope (OnWebApplicationCondition)

   ErrorMvcAutoConfiguration#basicErrorController matched:
      - @ConditionalOnMissingBean (types: org.springframework.boot.web.servlet.error.ErrorController; SearchStrategy: current) did not find any beans (OnBeanCondition)

   ErrorMvcAutoConfiguration#errorAttributes matched:
      - @ConditionalOnMissingBean (types: org.springframework.boot.web.servlet.error.ErrorAttributes; SearchStrategy: current) did not find any beans (OnBeanCondition)

   ErrorMvcAutoConfiguration.DefaultErrorViewResolverConfiguration#conventionErrorViewResolver matched:
      - @ConditionalOnBean (types: org.springframework.web.servlet.DispatcherServlet; SearchStrategy: all) found bean 'dispatcherServlet'; @ConditionalOnMissingBean (types: org.springframework.boot.autoconfigure.web.servlet.error.ErrorViewResolver; SearchStrategy: all) did not find any beans (OnBeanCondition)

   ErrorMvcAutoConfiguration.WhitelabelErrorViewConfiguration matched:
      - @ConditionalOnProperty (server.error.whitelabel.enabled) matched (OnPropertyCondition)
      - ErrorTemplate Missing did not find error template view (ErrorMvcAutoConfiguration.ErrorTemplateMissingCondition)

   ErrorMvcAutoConfiguration.WhitelabelErrorViewConfiguration#beanNameViewResolver matched:
      - @ConditionalOnMissingBean (types: org.springframework.web.servlet.view.BeanNameViewResolver; SearchStrategy: all) did not find any beans (OnBeanCondition)

   ErrorMvcAutoConfiguration.WhitelabelErrorViewConfiguration#defaultErrorView matched:
      - @ConditionalOnMissingBean (names: error; SearchStrategy: all) did not find any beans (OnBeanCondition)

   ErrorPageSecurityFilterConfiguration matched:
      - @ConditionalOnClass found required class 'org.springframework.security.web.access.WebInvocationPrivilegeEvaluator' (OnClassCondition)
      - found 'session' scope (OnWebApplicationCondition)

   ErrorPageSecurityFilterConfiguration#errorPageSecurityInterceptor matched:
      - @ConditionalOnBean (types: org.springframework.security.web.access.WebInvocationPrivilegeEvaluator; SearchStrategy: all) found bean 'privilegeEvaluator' (OnBeanCondition)

   GenericCacheConfiguration matched:
      - Cache org.springframework.boot.autoconfigure.cache.GenericCacheConfiguration automatic cache type (CacheCondition)

   GsonAutoConfiguration matched:
      - @ConditionalOnClass found required class 'com.google.gson.Gson' (OnClassCondition)

   GsonAutoConfiguration#gson matched:
      - @ConditionalOnMissingBean (types: com.google.gson.Gson; SearchStrategy: all) did not find any beans (OnBeanCondition)

   GsonAutoConfiguration#gsonBuilder matched:
      - @ConditionalOnMissingBean (types: com.google.gson.GsonBuilder; SearchStrategy: all) did not find any beans (OnBeanCondition)

   GsonHttpMessageConvertersConfiguration matched:
      - @ConditionalOnClass found required class 'com.google.gson.Gson' (OnClassCondition)

   HttpEncodingAutoConfiguration matched:
      - @ConditionalOnClass found required class 'org.springframework.web.filter.CharacterEncodingFilter' (OnClassCondition)
      - found 'session' scope (OnWebApplicationCondition)
      - @ConditionalOnProperty (server.servlet.encoding.enabled) matched (OnPropertyCondition)

   HttpEncodingAutoConfiguration#characterEncodingFilter matched:
      - @ConditionalOnMissingBean (types: org.springframework.web.filter.CharacterEncodingFilter; SearchStrategy: all) did not find any beans (OnBeanCondition)

   HttpMessageConvertersAutoConfiguration matched:
      - @ConditionalOnClass found required class 'org.springframework.http.converter.HttpMessageConverter' (OnClassCondition)
      - NoneNestedConditions 0 matched 1 did not; NestedCondition on HttpMessageConvertersAutoConfiguration.NotReactiveWebApplicationCondition.ReactiveWebApplication did not find reactive web application classes (HttpMessageConvertersAutoConfiguration.NotReactiveWebApplicationCondition)

   HttpMessageConvertersAutoConfiguration#messageConverters matched:
      - @ConditionalOnMissingBean (types: org.springframework.boot.autoconfigure.http.HttpMessageConverters; SearchStrategy: all) did not find any beans (OnBeanCondition)

   HttpMessageConvertersAutoConfiguration.StringHttpMessageConverterConfiguration matched:
      - @ConditionalOnClass found required class 'org.springframework.http.converter.StringHttpMessageConverter' (OnClassCondition)

   HttpMessageConvertersAutoConfiguration.StringHttpMessageConverterConfiguration#stringHttpMessageConverter matched:
      - @ConditionalOnMissingBean (types: org.springframework.http.converter.StringHttpMessageConverter; SearchStrategy: all) did not find any beans (OnBeanCondition)

   JacksonAutoConfiguration matched:
      - @ConditionalOnClass found required class 'com.fasterxml.jackson.databind.ObjectMapper' (OnClassCondition)

   JacksonAutoConfiguration.Jackson2ObjectMapperBuilderCustomizerConfiguration matched:
      - @ConditionalOnClass found required class 'org.springframework.http.converter.json.Jackson2ObjectMapperBuilder' (OnClassCondition)

   JacksonAutoConfiguration.JacksonObjectMapperBuilderConfiguration matched:
      - @ConditionalOnClass found required class 'org.springframework.http.converter.json.Jackson2ObjectMapperBuilder' (OnClassCondition)

   JacksonAutoConfiguration.JacksonObjectMapperBuilderConfiguration#jacksonObjectMapperBuilder matched:
      - @ConditionalOnMissingBean (types: org.springframework.http.converter.json.Jackson2ObjectMapperBuilder; SearchStrategy: all) did not find any beans (OnBeanCondition)

   JacksonAutoConfiguration.JacksonObjectMapperConfiguration matched:
      - @ConditionalOnClass found required class 'org.springframework.http.converter.json.Jackson2ObjectMapperBuilder' (OnClassCondition)

   JacksonAutoConfiguration.JacksonObjectMapperConfiguration#jacksonObjectMapper matched:
      - @ConditionalOnMissingBean (types: com.fasterxml.jackson.databind.ObjectMapper; SearchStrategy: all) did not find any beans (OnBeanCondition)

   JacksonAutoConfiguration.ParameterNamesModuleConfiguration matched:
      - @ConditionalOnClass found required class 'com.fasterxml.jackson.module.paramnames.ParameterNamesModule' (OnClassCondition)

   JacksonAutoConfiguration.ParameterNamesModuleConfiguration#parameterNamesModule matched:
      - @ConditionalOnMissingBean (types: com.fasterxml.jackson.module.paramnames.ParameterNamesModule; SearchStrategy: all) did not find any beans (OnBeanCondition)

   JacksonHttpMessageConvertersConfiguration.MappingJackson2HttpMessageConverterConfiguration matched:
      - @ConditionalOnClass found required class 'com.fasterxml.jackson.databind.ObjectMapper' (OnClassCondition)
      - @ConditionalOnProperty (spring.mvc.converters.preferred-json-mapper=jackson) matched (OnPropertyCondition)
      - @ConditionalOnBean (types: com.fasterxml.jackson.databind.ObjectMapper; SearchStrategy: all) found bean 'jacksonObjectMapper' (OnBeanCondition)

   JacksonHttpMessageConvertersConfiguration.MappingJackson2HttpMessageConverterConfiguration#mappingJackson2HttpMessageConverter matched:
      - @ConditionalOnMissingBean (types: org.springframework.http.converter.json.MappingJackson2HttpMessageConverter ignored: org.springframework.hateoas.server.mvc.TypeConstrainedMappingJackson2HttpMessageConverter,org.springframework.data.rest.webmvc.alps.AlpsJsonHttpMessageConverter; SearchStrategy: all) did not find any beans (OnBeanCondition)

   JdbcTemplateAutoConfiguration matched:
      - @ConditionalOnClass found required classes 'javax.sql.DataSource', 'org.springframework.jdbc.core.JdbcTemplate' (OnClassCondition)
      - @ConditionalOnSingleCandidate (types: javax.sql.DataSource; SearchStrategy: all) found a primary bean from beans 'dataSource' (OnBeanCondition)

   JdbcTemplateConfiguration matched:
      - @ConditionalOnMissingBean (types: org.springframework.jdbc.core.JdbcOperations; SearchStrategy: all) did not find any beans (OnBeanCondition)

   JedisConnectionConfiguration matched:
      - @ConditionalOnClass found required classes 'org.apache.commons.pool2.impl.GenericObjectPool', 'org.springframework.data.redis.connection.jedis.JedisConnection', 'redis.clients.jedis.Jedis' (OnClassCondition)
      - @ConditionalOnProperty (spring.redis.client-type=jedis) matched (OnPropertyCondition)
      - @ConditionalOnMissingBean (types: org.springframework.data.redis.connection.RedisConnectionFactory; SearchStrategy: all) did not find any beans (OnBeanCondition)

   LifecycleAutoConfiguration#defaultLifecycleProcessor matched:
      - @ConditionalOnMissingBean (names: lifecycleProcessor; SearchStrategy: current) did not find any beans (OnBeanCondition)

   MultipartAutoConfiguration matched:
      - @ConditionalOnClass found required classes 'javax.servlet.Servlet', 'org.springframework.web.multipart.support.StandardServletMultipartResolver', 'javax.servlet.MultipartConfigElement' (OnClassCondition)
      - found 'session' scope (OnWebApplicationCondition)
      - @ConditionalOnProperty (spring.servlet.multipart.enabled) matched (OnPropertyCondition)

   MultipartAutoConfiguration#multipartConfigElement matched:
      - @ConditionalOnMissingBean (types: javax.servlet.MultipartConfigElement,org.springframework.web.multipart.commons.CommonsMultipartResolver; SearchStrategy: all) did not find any beans (OnBeanCondition)

   MultipartAutoConfiguration#multipartResolver matched:
      - @ConditionalOnMissingBean (types: org.springframework.web.multipart.MultipartResolver; SearchStrategy: all) did not find any beans (OnBeanCondition)

   MybatisPlusAutoConfiguration matched:
      - @ConditionalOnClass found required classes 'org.apache.ibatis.session.SqlSessionFactory', 'org.mybatis.spring.SqlSessionFactoryBean' (OnClassCondition)
      - @ConditionalOnSingleCandidate (types: javax.sql.DataSource; SearchStrategy: all) found a primary bean from beans 'dataSource' (OnBeanCondition)

   MybatisPlusAutoConfiguration#sqlSessionFactory matched:
      - @ConditionalOnMissingBean (types: org.apache.ibatis.session.SqlSessionFactory; SearchStrategy: all) did not find any beans (OnBeanCondition)

   MybatisPlusAutoConfiguration#sqlSessionTemplate matched:
      - @ConditionalOnMissingBean (types: org.mybatis.spring.SqlSessionTemplate; SearchStrategy: all) did not find any beans (OnBeanCondition)

   MybatisPlusLanguageDriverAutoConfiguration matched:
      - @ConditionalOnClass found required class 'org.apache.ibatis.scripting.LanguageDriver' (OnClassCondition)

   NamedParameterJdbcTemplateConfiguration matched:
      - @ConditionalOnSingleCandidate (types: org.springframework.jdbc.core.JdbcTemplate; SearchStrategy: all) found a primary bean from beans 'jdbcTemplate'; @ConditionalOnMissingBean (types: org.springframework.jdbc.core.namedparam.NamedParameterJdbcOperations; SearchStrategy: all) did not find any beans (OnBeanCondition)

   NoOpCacheConfiguration matched:
      - Cache org.springframework.boot.autoconfigure.cache.NoOpCacheConfiguration automatic cache type (CacheCondition)

   PersistenceExceptionTranslationAutoConfiguration matched:
      - @ConditionalOnClass found required class 'org.springframework.dao.annotation.PersistenceExceptionTranslationPostProcessor' (OnClassCondition)

   PersistenceExceptionTranslationAutoConfiguration#persistenceExceptionTranslationPostProcessor matched:
      - @ConditionalOnProperty (spring.dao.exceptiontranslation.enabled) matched (OnPropertyCondition)
      - @ConditionalOnMissingBean (types: org.springframework.dao.annotation.PersistenceExceptionTranslationPostProcessor; SearchStrategy: all) did not find any beans (OnBeanCondition)

   PropertyPlaceholderAutoConfiguration#propertySourcesPlaceholderConfigurer matched:
      - @ConditionalOnMissingBean (types: org.springframework.context.support.PropertySourcesPlaceholderConfigurer; SearchStrategy: current) did not find any beans (OnBeanCondition)

   QuartzAutoConfiguration matched:
      - @ConditionalOnClass found required classes 'org.quartz.Scheduler', 'org.springframework.scheduling.quartz.SchedulerFactoryBean', 'org.springframework.transaction.PlatformTransactionManager' (OnClassCondition)

   QuartzAutoConfiguration#quartzScheduler matched:
      - @ConditionalOnMissingBean (types: org.springframework.scheduling.quartz.SchedulerFactoryBean; SearchStrategy: all) did not find any beans (OnBeanCondition)

   RedisAutoConfiguration matched:
      - @ConditionalOnClass found required class 'org.springframework.data.redis.core.RedisOperations' (OnClassCondition)

   RedisAutoConfiguration#stringRedisTemplate matched:
      - @ConditionalOnSingleCandidate (types: org.springframework.data.redis.connection.RedisConnectionFactory; SearchStrategy: all) found a primary bean from beans 'redisConnectionFactory'; @ConditionalOnMissingBean (types: org.springframework.data.redis.core.StringRedisTemplate; SearchStrategy: all) did not find any beans (OnBeanCondition)

   RedisCacheConfiguration matched:
      - @ConditionalOnClass found required class 'org.springframework.data.redis.connection.RedisConnectionFactory' (OnClassCondition)
      - Cache org.springframework.boot.autoconfigure.cache.RedisCacheConfiguration automatic cache type (CacheCondition)

   RedisRepositoriesAutoConfiguration matched:
      - @ConditionalOnClass found required class 'org.springframework.data.redis.repository.configuration.EnableRedisRepositories' (OnClassCondition)
      - @ConditionalOnProperty (spring.data.redis.repositories.enabled=true) matched (OnPropertyCondition)
      - @ConditionalOnBean (types: org.springframework.data.redis.connection.RedisConnectionFactory; SearchStrategy: all) found bean 'redisConnectionFactory'; @ConditionalOnMissingBean (types: org.springframework.data.redis.repository.support.RedisRepositoryFactoryBean; SearchStrategy: all) did not find any beans (OnBeanCondition)

   RestTemplateAutoConfiguration matched:
      - @ConditionalOnClass found required class 'org.springframework.web.client.RestTemplate' (OnClassCondition)
      - NoneNestedConditions 0 matched 1 did not; NestedCondition on RestTemplateAutoConfiguration.NotReactiveWebApplicationCondition.ReactiveWebApplication did not find reactive web application classes (RestTemplateAutoConfiguration.NotReactiveWebApplicationCondition)

   RestTemplateAutoConfiguration#restTemplateBuilder matched:
      - @ConditionalOnMissingBean (types: org.springframework.boot.web.client.RestTemplateBuilder; SearchStrategy: all) did not find any beans (OnBeanCondition)

   RestTemplateAutoConfiguration#restTemplateBuilderConfigurer matched:
      - @ConditionalOnMissingBean (types: org.springframework.boot.autoconfigure.web.client.RestTemplateBuilderConfigurer; SearchStrategy: all) did not find any beans (OnBeanCondition)

   SecurityAutoConfiguration matched:
      - @ConditionalOnClass found required class 'org.springframework.security.authentication.DefaultAuthenticationEventPublisher' (OnClassCondition)

   SecurityAutoConfiguration#authenticationEventPublisher matched:
      - @ConditionalOnMissingBean (types: org.springframework.security.authentication.AuthenticationEventPublisher; SearchStrategy: all) did not find any beans (OnBeanCondition)

   SecurityFilterAutoConfiguration matched:
      - @ConditionalOnClass found required classes 'org.springframework.security.web.context.AbstractSecurityWebApplicationInitializer', 'org.springframework.security.config.http.SessionCreationPolicy' (OnClassCondition)
      - found 'session' scope (OnWebApplicationCondition)

   SecurityFilterAutoConfiguration#securityFilterChainRegistration matched:
      - @ConditionalOnBean (names: springSecurityFilterChain; SearchStrategy: all) found bean 'springSecurityFilterChain' (OnBeanCondition)

   ServletWebServerFactoryAutoConfiguration matched:
      - @ConditionalOnClass found required class 'javax.servlet.ServletRequest' (OnClassCondition)
      - found 'session' scope (OnWebApplicationCondition)

   ServletWebServerFactoryAutoConfiguration#tomcatServletWebServerFactoryCustomizer matched:
      - @ConditionalOnClass found required class 'org.apache.catalina.startup.Tomcat' (OnClassCondition)

   ServletWebServerFactoryConfiguration.EmbeddedTomcat matched:
      - @ConditionalOnClass found required classes 'javax.servlet.Servlet', 'org.apache.catalina.startup.Tomcat', 'org.apache.coyote.UpgradeProtocol' (OnClassCondition)
      - @ConditionalOnMissingBean (types: org.springframework.boot.web.servlet.server.ServletWebServerFactory; SearchStrategy: current) did not find any beans (OnBeanCondition)

   SimpleCacheConfiguration matched:
      - Cache org.springframework.boot.autoconfigure.cache.SimpleCacheConfiguration automatic cache type (CacheCondition)

   SpringDataWebAutoConfiguration matched:
      - @ConditionalOnClass found required classes 'org.springframework.data.web.PageableHandlerMethodArgumentResolver', 'org.springframework.web.servlet.config.annotation.WebMvcConfigurer' (OnClassCondition)
      - found 'session' scope (OnWebApplicationCondition)
      - @ConditionalOnMissingBean (types: org.springframework.data.web.PageableHandlerMethodArgumentResolver; SearchStrategy: all) did not find any beans (OnBeanCondition)

   SpringDataWebAutoConfiguration#pageableCustomizer matched:
      - @ConditionalOnMissingBean (types: org.springframework.data.web.config.PageableHandlerMethodArgumentResolverCustomizer; SearchStrategy: all) did not find any beans (OnBeanCondition)

   SpringDataWebAutoConfiguration#sortCustomizer matched:
      - @ConditionalOnMissingBean (types: org.springframework.data.web.config.SortHandlerMethodArgumentResolverCustomizer; SearchStrategy: all) did not find any beans (OnBeanCondition)

   SpringfoxWebMvcConfiguration matched:
      - found 'session' scope (OnWebApplicationCondition)

   SqlInitializationAutoConfiguration matched:
      - @ConditionalOnProperty (spring.sql.init.enabled) matched (OnPropertyCondition)
      - NoneNestedConditions 0 matched 1 did not; NestedCondition on SqlInitializationAutoConfiguration.SqlInitializationModeCondition.ModeIsNever @ConditionalOnProperty (spring.sql.init.mode=never) did not find property 'mode' (SqlInitializationAutoConfiguration.SqlInitializationModeCondition)

   Swagger2ControllerWebMvc matched:
      - found 'session' scope (OnWebApplicationCondition)

   Swagger2WebMvcConfiguration matched:
      - found 'session' scope (OnWebApplicationCondition)

   TaskExecutionAutoConfiguration matched:
      - @ConditionalOnClass found required class 'org.springframework.scheduling.concurrent.ThreadPoolTaskExecutor' (OnClassCondition)

   TaskExecutionAutoConfiguration#applicationTaskExecutor matched:
      - @ConditionalOnMissingBean (types: java.util.concurrent.Executor; SearchStrategy: all) did not find any beans (OnBeanCondition)

   TaskExecutionAutoConfiguration#taskExecutorBuilder matched:
      - @ConditionalOnMissingBean (types: org.springframework.boot.task.TaskExecutorBuilder; SearchStrategy: all) did not find any beans (OnBeanCondition)

   TaskSchedulingAutoConfiguration matched:
      - @ConditionalOnClass found required class 'org.springframework.scheduling.concurrent.ThreadPoolTaskScheduler' (OnClassCondition)

   TaskSchedulingAutoConfiguration#taskSchedulerBuilder matched:
      - @ConditionalOnMissingBean (types: org.springframework.boot.task.TaskSchedulerBuilder; SearchStrategy: all) did not find any beans (OnBeanCondition)

   TransactionAutoConfiguration matched:
      - @ConditionalOnClass found required class 'org.springframework.transaction.PlatformTransactionManager' (OnClassCondition)

   TransactionAutoConfiguration#platformTransactionManagerCustomizers matched:
      - @ConditionalOnMissingBean (types: org.springframework.boot.autoconfigure.transaction.TransactionManagerCustomizers; SearchStrategy: all) did not find any beans (OnBeanCondition)

   TransactionAutoConfiguration.EnableTransactionManagementConfiguration matched:
      - @ConditionalOnBean (types: org.springframework.transaction.TransactionManager; SearchStrategy: all) found bean 'transactionManager'; @ConditionalOnMissingBean (types: org.springframework.transaction.annotation.AbstractTransactionManagementConfiguration; SearchStrategy: all) did not find any beans (OnBeanCondition)

   TransactionAutoConfiguration.EnableTransactionManagementConfiguration.CglibAutoProxyConfiguration matched:
      - @ConditionalOnProperty (spring.aop.proxy-target-class=true) matched (OnPropertyCondition)

   TransactionAutoConfiguration.TransactionTemplateConfiguration matched:
      - @ConditionalOnSingleCandidate (types: org.springframework.transaction.PlatformTransactionManager; SearchStrategy: all) found a primary bean from beans 'transactionManager' (OnBeanCondition)

   TransactionAutoConfiguration.TransactionTemplateConfiguration#transactionTemplate matched:
      - @ConditionalOnMissingBean (types: org.springframework.transaction.support.TransactionOperations; SearchStrategy: all) did not find any beans (OnBeanCondition)

   WebMvcAutoConfiguration matched:
      - @ConditionalOnClass found required classes 'javax.servlet.Servlet', 'org.springframework.web.servlet.DispatcherServlet', 'org.springframework.web.servlet.config.annotation.WebMvcConfigurer' (OnClassCondition)
      - found 'session' scope (OnWebApplicationCondition)
      - @ConditionalOnMissingBean (types: org.springframework.web.servlet.config.annotation.WebMvcConfigurationSupport; SearchStrategy: all) did not find any beans (OnBeanCondition)

   WebMvcAutoConfiguration#formContentFilter matched:
      - @ConditionalOnProperty (spring.mvc.formcontent.filter.enabled) matched (OnPropertyCondition)
      - @ConditionalOnMissingBean (types: org.springframework.web.filter.FormContentFilter; SearchStrategy: all) did not find any beans (OnBeanCondition)

   WebMvcAutoConfiguration.EnableWebMvcConfiguration#flashMapManager matched:
      - @ConditionalOnMissingBean (names: flashMapManager; SearchStrategy: all) did not find any beans (OnBeanCondition)

   WebMvcAutoConfiguration.EnableWebMvcConfiguration#localeResolver matched:
      - @ConditionalOnMissingBean (names: localeResolver; SearchStrategy: all) did not find any beans (OnBeanCondition)

   WebMvcAutoConfiguration.EnableWebMvcConfiguration#themeResolver matched:
      - @ConditionalOnMissingBean (names: themeResolver; SearchStrategy: all) did not find any beans (OnBeanCondition)

   WebMvcAutoConfiguration.WebMvcAutoConfigurationAdapter#defaultViewResolver matched:
      - @ConditionalOnMissingBean (types: org.springframework.web.servlet.view.InternalResourceViewResolver; SearchStrategy: all) did not find any beans (OnBeanCondition)

   WebMvcAutoConfiguration.WebMvcAutoConfigurationAdapter#requestContextFilter matched:
      - @ConditionalOnMissingBean (types: org.springframework.web.context.request.RequestContextListener,org.springframework.web.filter.RequestContextFilter; SearchStrategy: all) did not find any beans (OnBeanCondition)

   WebMvcAutoConfiguration.WebMvcAutoConfigurationAdapter#viewResolver matched:
      - @ConditionalOnBean (types: org.springframework.web.servlet.ViewResolver; SearchStrategy: all) found beans 'defaultViewResolver', 'beanNameViewResolver', 'mvcViewResolver'; @ConditionalOnMissingBean (names: viewResolver types: org.springframework.web.servlet.view.ContentNegotiatingViewResolver; SearchStrategy: all) did not find any beans (OnBeanCondition)

   WebMvcRequestHandlerProvider matched:
      - found 'session' scope (OnWebApplicationCondition)

   WebSecurityEnablerConfiguration matched:
      - @ConditionalOnClass found required class 'org.springframework.security.config.annotation.web.configuration.EnableWebSecurity' (OnClassCondition)
      - found 'session' scope (OnWebApplicationCondition)
      - @ConditionalOnMissingBean (names: springSecurityFilterChain; SearchStrategy: all) did not find any beans (OnBeanCondition)

   WebSocketServletAutoConfiguration matched:
      - @ConditionalOnClass found required classes 'javax.servlet.Servlet', 'javax.websocket.server.ServerContainer' (OnClassCondition)
      - found 'session' scope (OnWebApplicationCondition)

   WebSocketServletAutoConfiguration.TomcatWebSocketConfiguration matched:
      - @ConditionalOnClass found required classes 'org.apache.catalina.startup.Tomcat', 'org.apache.tomcat.websocket.server.WsSci' (OnClassCondition)

   WebSocketServletAutoConfiguration.TomcatWebSocketConfiguration#websocketServletWebServerCustomizer matched:
      - @ConditionalOnMissingBean (names: websocketServletWebServerCustomizer; SearchStrategy: all) did not find any beans (OnBeanCondition)


Negative matches:
-----------------

   ActiveMQAutoConfiguration:
      Did not match:
         - @ConditionalOnClass did not find required class 'javax.jms.ConnectionFactory' (OnClassCondition)

   AopAutoConfiguration.AspectJAutoProxyingConfiguration:
      Did not match:
         - @ConditionalOnClass did not find required class 'org.aspectj.weaver.Advice' (OnClassCondition)

   ArtemisAutoConfiguration:
      Did not match:
         - @ConditionalOnClass did not find required class 'javax.jms.ConnectionFactory' (OnClassCondition)

   BatchAutoConfiguration:
      Did not match:
         - @ConditionalOnClass did not find required class 'org.springframework.batch.core.launch.JobLauncher' (OnClassCondition)

   CacheAutoConfiguration:
      Did not match:
         - @ConditionalOnBean (types: org.springframework.cache.interceptor.CacheAspectSupport; SearchStrategy: all) did not find any beans of type org.springframework.cache.interceptor.CacheAspectSupport (OnBeanCondition)
      Matched:
         - @ConditionalOnClass found required class 'org.springframework.cache.CacheManager' (OnClassCondition)

   CacheAutoConfiguration.CacheManagerEntityManagerFactoryDependsOnPostProcessor:
      Did not match:
         - @ConditionalOnClass did not find required class 'org.springframework.orm.jpa.LocalContainerEntityManagerFactoryBean' (OnClassCondition)
         - Ancestor org.springframework.boot.autoconfigure.cache.CacheAutoConfiguration did not match (ConditionEvaluationReport.AncestorsMatchedCondition)

   CaffeineCacheConfiguration:
      Did not match:
         - @ConditionalOnClass did not find required class 'com.github.benmanes.caffeine.cache.Caffeine' (OnClassCondition)

   CassandraAutoConfiguration:
      Did not match:
         - @ConditionalOnClass did not find required class 'com.datastax.oss.driver.api.core.CqlSession' (OnClassCondition)

   CassandraDataAutoConfiguration:
      Did not match:
         - @ConditionalOnClass did not find required class 'com.datastax.oss.driver.api.core.CqlSession' (OnClassCondition)

   CassandraReactiveDataAutoConfiguration:
      Did not match:
         - @ConditionalOnClass did not find required class 'com.datastax.oss.driver.api.core.CqlSession' (OnClassCondition)

   CassandraReactiveRepositoriesAutoConfiguration:
      Did not match:
         - @ConditionalOnClass did not find required class 'org.springframework.data.cassandra.ReactiveSession' (OnClassCondition)

   CassandraRepositoriesAutoConfiguration:
      Did not match:
         - @ConditionalOnClass did not find required class 'com.datastax.oss.driver.api.core.CqlSession' (OnClassCondition)

   ClientHttpConnectorAutoConfiguration:
      Did not match:
         - @ConditionalOnClass did not find required class 'org.springframework.web.reactive.function.client.WebClient' (OnClassCondition)

   CodecsAutoConfiguration:
      Did not match:
         - @ConditionalOnClass did not find required class 'org.springframework.web.reactive.function.client.WebClient' (OnClassCondition)

   CouchbaseAutoConfiguration:
      Did not match:
         - @ConditionalOnClass did not find required class 'com.couchbase.client.java.Cluster' (OnClassCondition)

   CouchbaseCacheConfiguration:
      Did not match:
         - @ConditionalOnClass did not find required class 'com.couchbase.client.java.Cluster' (OnClassCondition)

   CouchbaseDataAutoConfiguration:
      Did not match:
         - @ConditionalOnClass did not find required class 'com.couchbase.client.java.Bucket' (OnClassCondition)

   CouchbaseReactiveDataAutoConfiguration:
      Did not match:
         - @ConditionalOnClass did not find required class 'com.couchbase.client.java.Cluster' (OnClassCondition)

   CouchbaseReactiveRepositoriesAutoConfiguration:
      Did not match:
         - @ConditionalOnClass did not find required class 'com.couchbase.client.java.Cluster' (OnClassCondition)

   CouchbaseRepositoriesAutoConfiguration:
      Did not match:
         - @ConditionalOnClass did not find required class 'com.couchbase.client.java.Bucket' (OnClassCondition)

   DataSourceAutoConfiguration.EmbeddedDatabaseConfiguration:
      Did not match:
         - EmbeddedDataSource found supported pooled data source (DataSourceAutoConfiguration.EmbeddedDatabaseCondition)

   DataSourceAutoConfiguration.PooledDataSourceConfiguration:
      Did not match:
         - @ConditionalOnMissingBean (types: javax.sql.DataSource,javax.sql.XADataSource; SearchStrategy: all) found beans of type 'javax.sql.DataSource' dataSource (OnBeanCondition)
      Matched:
         - AnyNestedCondition 2 matched 0 did not; NestedCondition on DataSourceAutoConfiguration.PooledDataSourceCondition.PooledDataSourceAvailable PooledDataSource found supported DataSource; NestedCondition on DataSourceAutoConfiguration.PooledDataSourceCondition.ExplicitType @ConditionalOnProperty (spring.datasource.type) matched (DataSourceAutoConfiguration.PooledDataSourceCondition)

   DataSourceConfiguration.Dbcp2:
      Did not match:
         - @ConditionalOnClass did not find required class 'org.apache.commons.dbcp2.BasicDataSource' (OnClassCondition)

   DataSourceConfiguration.Hikari:
      Did not match:
         - @ConditionalOnProperty (spring.datasource.type=com.zaxxer.hikari.HikariDataSource) found different value in property 'spring.datasource.type' (OnPropertyCondition)
      Matched:
         - @ConditionalOnClass found required class 'com.zaxxer.hikari.HikariDataSource' (OnClassCondition)

   DataSourceConfiguration.OracleUcp:
      Did not match:
         - @ConditionalOnClass did not find required classes 'oracle.ucp.jdbc.PoolDataSourceImpl', 'oracle.jdbc.OracleConnection' (OnClassCondition)

   DataSourceConfiguration.Tomcat:
      Did not match:
         - @ConditionalOnClass did not find required class 'org.apache.tomcat.jdbc.pool.DataSource' (OnClassCondition)

   DataSourceInitializationConfiguration.InitializationSpecificCredentialsDataSourceInitializationConfiguration:
      Did not match:
         - AnyNestedCondition 0 matched 2 did not; NestedCondition on DataSourceInitializationConfiguration.InitializationSpecificCredentialsDataSourceInitializationConfiguration.DifferentCredentialsCondition.DataCredentials @ConditionalOnProperty (spring.datasource.data-username) did not find property 'data-username'; NestedCondition on DataSourceInitializationConfiguration.InitializationSpecificCredentialsDataSourceInitializationConfiguration.DifferentCredentialsCondition.SchemaCredentials @ConditionalOnProperty (spring.datasource.schema-username) did not find property 'schema-username' (DataSourceInitializationConfiguration.InitializationSpecificCredentialsDataSourceInitializationConfiguration.DifferentCredentialsCondition)

   DataSourceInitializationConfiguration.SharedCredentialsDataSourceInitializationConfiguration:
      Did not match:
         - DataSource Initialization did not find configured properties spring.datasource.data-username, spring.datasource.schema-password, spring.datasource.schema[0], spring.datasource.data[0], spring.datasource.data, spring.datasource.schema-username, spring.datasource.data-password, spring.datasource.initialization-mode, spring.datasource.schema, spring.datasource.sql-script-encoding, spring.datasource.separator, spring.datasource.platform, spring.datasource.continue-on-error (DataSourceInitializationConfiguration.SharedCredentialsDataSourceInitializationConfiguration.DataSourceInitializationCondition)

   DataSourceJmxConfiguration.TomcatDataSourceJmxConfiguration:
      Did not match:
         - @ConditionalOnClass did not find required class 'org.apache.tomcat.jdbc.pool.DataSourceProxy' (OnClassCondition)

   DataSourcePoolMetadataProvidersConfiguration.CommonsDbcp2PoolDataSourceMetadataProviderConfiguration:
      Did not match:
         - @ConditionalOnClass did not find required class 'org.apache.commons.dbcp2.BasicDataSource' (OnClassCondition)

   DataSourcePoolMetadataProvidersConfiguration.OracleUcpPoolDataSourceMetadataProviderConfiguration:
      Did not match:
         - @ConditionalOnClass did not find required classes 'oracle.ucp.jdbc.PoolDataSource', 'oracle.jdbc.OracleConnection' (OnClassCondition)

   DataSourcePoolMetadataProvidersConfiguration.TomcatDataSourcePoolMetadataProviderConfiguration:
      Did not match:
         - @ConditionalOnClass did not find required class 'org.apache.tomcat.jdbc.pool.DataSource' (OnClassCondition)

   DispatcherServletAutoConfiguration.DispatcherServletConfiguration#multipartResolver:
      Did not match:
         - @ConditionalOnBean (types: org.springframework.web.multipart.MultipartResolver; SearchStrategy: all) did not find any beans of type org.springframework.web.multipart.MultipartResolver (OnBeanCondition)

   DruidFilterConfiguration#commonsLogFilter:
      Did not match:
         - @ConditionalOnProperty (spring.datasource.druid.filter.commons-log.enabled) did not find property 'enabled' (OnPropertyCondition)

   DruidFilterConfiguration#configFilter:
      Did not match:
         - @ConditionalOnProperty (spring.datasource.druid.filter.config.enabled) did not find property 'enabled' (OnPropertyCondition)

   DruidFilterConfiguration#encodingConvertFilter:
      Did not match:
         - @ConditionalOnProperty (spring.datasource.druid.filter.encoding.enabled) did not find property 'enabled' (OnPropertyCondition)

   DruidFilterConfiguration#log4j2Filter:
      Did not match:
         - @ConditionalOnProperty (spring.datasource.druid.filter.log4j2.enabled) did not find property 'enabled' (OnPropertyCondition)

   DruidFilterConfiguration#log4jFilter:
      Did not match:
         - @ConditionalOnProperty (spring.datasource.druid.filter.log4j.enabled) did not find property 'enabled' (OnPropertyCondition)

   DruidFilterConfiguration#slf4jLogFilter:
      Did not match:
         - @ConditionalOnProperty (spring.datasource.druid.filter.slf4j.enabled) did not find property 'enabled' (OnPropertyCondition)

   DruidFilterConfiguration#statFilter:
      Did not match:
         - @ConditionalOnProperty (spring.datasource.druid.filter.stat.enabled) did not find property 'enabled' (OnPropertyCondition)

   DruidFilterConfiguration#wallConfig:
      Did not match:
         - @ConditionalOnProperty (spring.datasource.druid.filter.wall.enabled) did not find property 'enabled' (OnPropertyCondition)

   DruidFilterConfiguration#wallFilter:
      Did not match:
         - @ConditionalOnProperty (spring.datasource.druid.filter.wall.enabled) did not find property 'enabled' (OnPropertyCondition)

   DruidSpringAopConfiguration:
      Did not match:
         - @ConditionalOnProperty (spring.datasource.druid.aop-patterns) did not find property 'spring.datasource.druid.aop-patterns' (OnPropertyCondition)

   DruidWebStatFilterConfiguration:
      Did not match:
         - @ConditionalOnProperty (spring.datasource.druid.web-stat-filter.enabled=true) did not find property 'spring.datasource.druid.web-stat-filter.enabled' (OnPropertyCondition)
      Matched:
         - @ConditionalOnWebApplication (required) found 'session' scope (OnWebApplicationCondition)

   EhCacheCacheConfiguration:
      Did not match:
         - @ConditionalOnClass did not find required class 'net.sf.ehcache.Cache' (OnClassCondition)

   ElasticsearchDataAutoConfiguration:
      Did not match:
         - @ConditionalOnClass did not find required class 'org.springframework.data.elasticsearch.core.ElasticsearchRestTemplate' (OnClassCondition)

   ElasticsearchRepositoriesAutoConfiguration:
      Did not match:
         - @ConditionalOnClass did not find required class 'org.elasticsearch.client.Client' (OnClassCondition)

   ElasticsearchRestClientAutoConfiguration:
      Did not match:
         - @ConditionalOnClass did not find required class 'org.elasticsearch.client.RestClientBuilder' (OnClassCondition)

   EmbeddedLdapAutoConfiguration:
      Did not match:
         - @ConditionalOnClass did not find required class 'com.unboundid.ldap.listener.InMemoryDirectoryServer' (OnClassCondition)

   EmbeddedMongoAutoConfiguration:
      Did not match:
         - @ConditionalOnClass did not find required class 'com.mongodb.MongoClientSettings' (OnClassCondition)

   EmbeddedWebServerFactoryCustomizerAutoConfiguration.JettyWebServerFactoryCustomizerConfiguration:
      Did not match:
         - @ConditionalOnClass did not find required classes 'org.eclipse.jetty.server.Server', 'org.eclipse.jetty.util.Loader', 'org.eclipse.jetty.webapp.WebAppContext' (OnClassCondition)

   EmbeddedWebServerFactoryCustomizerAutoConfiguration.NettyWebServerFactoryCustomizerConfiguration:
      Did not match:
         - @ConditionalOnClass did not find required class 'reactor.netty.http.server.HttpServer' (OnClassCondition)

   EmbeddedWebServerFactoryCustomizerAutoConfiguration.UndertowWebServerFactoryCustomizerConfiguration:
      Did not match:
         - @ConditionalOnClass did not find required classes 'io.undertow.Undertow', 'org.xnio.SslClientAuthMode' (OnClassCondition)

   ErrorWebFluxAutoConfiguration:
      Did not match:
         - @ConditionalOnClass did not find required class 'org.springframework.web.reactive.config.WebFluxConfigurer' (OnClassCondition)

   FlywayAutoConfiguration:
      Did not match:
         - @ConditionalOnClass did not find required class 'org.flywaydb.core.Flyway' (OnClassCondition)

   FreeMarkerAutoConfiguration:
      Did not match:
         - @ConditionalOnClass did not find required class 'freemarker.template.Configuration' (OnClassCondition)

   GroovyTemplateAutoConfiguration:
      Did not match:
         - @ConditionalOnClass did not find required class 'groovy.text.markup.MarkupTemplateEngine' (OnClassCondition)

   GsonHttpMessageConvertersConfiguration.GsonHttpMessageConverterConfiguration:
      Did not match:
         - AnyNestedCondition 0 matched 2 did not; NestedCondition on GsonHttpMessageConvertersConfiguration.PreferGsonOrJacksonAndJsonbUnavailableCondition.JacksonJsonbUnavailable NoneNestedConditions 1 matched 1 did not; NestedCondition on GsonHttpMessageConvertersConfiguration.JacksonAndJsonbUnavailableCondition.JsonbPreferred @ConditionalOnProperty (spring.mvc.converters.preferred-json-mapper=jsonb) did not find property 'spring.mvc.converters.preferred-json-mapper'; NestedCondition on GsonHttpMessageConvertersConfiguration.JacksonAndJsonbUnavailableCondition.JacksonAvailable @ConditionalOnBean (types: org.springframework.http.converter.json.MappingJackson2HttpMessageConverter; SearchStrategy: all) found bean 'mappingJackson2HttpMessageConverter'; NestedCondition on GsonHttpMessageConvertersConfiguration.PreferGsonOrJacksonAndJsonbUnavailableCondition.GsonPreferred @ConditionalOnProperty (spring.mvc.converters.preferred-json-mapper=gson) did not find property 'spring.mvc.converters.preferred-json-mapper' (GsonHttpMessageConvertersConfiguration.PreferGsonOrJacksonAndJsonbUnavailableCondition)

   H2ConsoleAutoConfiguration:
      Did not match:
         - @ConditionalOnClass did not find required class 'org.h2.server.web.WebServlet' (OnClassCondition)

   HazelcastAutoConfiguration:
      Did not match:
         - @ConditionalOnClass did not find required class 'com.hazelcast.core.HazelcastInstance' (OnClassCondition)

   HazelcastCacheConfiguration:
      Did not match:
         - @ConditionalOnClass did not find required class 'com.hazelcast.core.HazelcastInstance' (OnClassCondition)

   HazelcastJpaDependencyAutoConfiguration:
      Did not match:
         - @ConditionalOnClass did not find required class 'com.hazelcast.core.HazelcastInstance' (OnClassCondition)

   HibernateJpaAutoConfiguration:
      Did not match:
         - @ConditionalOnClass did not find required class 'javax.persistence.EntityManager' (OnClassCondition)

   HttpHandlerAutoConfiguration:
      Did not match:
         - @ConditionalOnClass did not find required class 'org.springframework.web.reactive.DispatcherHandler' (OnClassCondition)

   HypermediaAutoConfiguration:
      Did not match:
         - @ConditionalOnClass did not find required class 'org.springframework.hateoas.EntityModel' (OnClassCondition)

   IdentifierGeneratorAutoConfiguration.InetUtilsAutoConfig:
      Did not match:
         - @ConditionalOnClass did not find required class 'org.springframework.cloud.commons.util.InetUtils' (OnClassCondition)

   InfinispanCacheConfiguration:
      Did not match:
         - @ConditionalOnClass did not find required class 'org.infinispan.spring.embedded.provider.SpringEmbeddedCacheManager' (OnClassCondition)

   InfluxDbAutoConfiguration:
      Did not match:
         - @ConditionalOnClass did not find required class 'org.influxdb.InfluxDB' (OnClassCondition)

   IntegrationAutoConfiguration:
      Did not match:
         - @ConditionalOnClass did not find required class 'org.springframework.integration.config.EnableIntegration' (OnClassCondition)

   JCacheCacheConfiguration:
      Did not match:
         - @ConditionalOnClass did not find required class 'javax.cache.Caching' (OnClassCondition)

   JacksonHttpMessageConvertersConfiguration.MappingJackson2XmlHttpMessageConverterConfiguration:
      Did not match:
         - @ConditionalOnClass did not find required class 'com.fasterxml.jackson.dataformat.xml.XmlMapper' (OnClassCondition)

   JdbcRepositoriesAutoConfiguration:
      Did not match:
         - @ConditionalOnClass did not find required class 'org.springframework.data.jdbc.repository.config.AbstractJdbcConfiguration' (OnClassCondition)

   JerseyAutoConfiguration:
      Did not match:
         - @ConditionalOnClass did not find required class 'org.glassfish.jersey.server.spring.SpringComponentProvider' (OnClassCondition)

   JmsAutoConfiguration:
      Did not match:
         - @ConditionalOnClass did not find required class 'javax.jms.Message' (OnClassCondition)

   JmxAutoConfiguration:
      Did not match:
         - @ConditionalOnProperty (spring.jmx.enabled=true) did not find property 'enabled' (OnPropertyCondition)
      Matched:
         - @ConditionalOnClass found required class 'org.springframework.jmx.export.MBeanExporter' (OnClassCondition)

   JndiConnectionFactoryAutoConfiguration:
      Did not match:
         - @ConditionalOnClass did not find required class 'org.springframework.jms.core.JmsTemplate' (OnClassCondition)

   JndiDataSourceAutoConfiguration:
      Did not match:
         - @ConditionalOnProperty (spring.datasource.jndi-name) did not find property 'jndi-name' (OnPropertyCondition)
      Matched:
         - @ConditionalOnClass found required classes 'javax.sql.DataSource', 'org.springframework.jdbc.datasource.embedded.EmbeddedDatabaseType' (OnClassCondition)

   JooqAutoConfiguration:
      Did not match:
         - @ConditionalOnClass did not find required class 'org.jooq.DSLContext' (OnClassCondition)

   JpaRepositoriesAutoConfiguration:
      Did not match:
         - @ConditionalOnClass did not find required class 'org.springframework.data.jpa.repository.JpaRepository' (OnClassCondition)

   JsonbAutoConfiguration:
      Did not match:
         - @ConditionalOnClass did not find required class 'javax.json.bind.Jsonb' (OnClassCondition)

   JsonbHttpMessageConvertersConfiguration:
      Did not match:
         - @ConditionalOnClass did not find required class 'javax.json.bind.Jsonb' (OnClassCondition)

   JtaAutoConfiguration:
      Did not match:
         - @ConditionalOnClass did not find required class 'javax.transaction.Transaction' (OnClassCondition)

   KafkaAutoConfiguration:
      Did not match:
         - @ConditionalOnClass did not find required class 'org.springframework.kafka.core.KafkaTemplate' (OnClassCondition)

   LdapAutoConfiguration:
      Did not match:
         - @ConditionalOnClass did not find required class 'org.springframework.ldap.core.ContextSource' (OnClassCondition)

   LdapRepositoriesAutoConfiguration:
      Did not match:
         - @ConditionalOnClass did not find required class 'org.springframework.data.ldap.repository.LdapRepository' (OnClassCondition)

   LettuceConnectionConfiguration:
      Did not match:
         - @ConditionalOnClass did not find required class 'io.lettuce.core.RedisClient' (OnClassCondition)

   LiquibaseAutoConfiguration:
      Did not match:
         - @ConditionalOnClass did not find required class 'liquibase.change.DatabaseChange' (OnClassCondition)

   MailSenderAutoConfiguration:
      Did not match:
         - AnyNestedCondition 0 matched 2 did not; NestedCondition on MailSenderAutoConfiguration.MailSenderCondition.JndiNameProperty @ConditionalOnProperty (spring.mail.jndi-name) did not find property 'jndi-name'; NestedCondition on MailSenderAutoConfiguration.MailSenderCondition.HostProperty @ConditionalOnProperty (spring.mail.host) did not find property 'host' (MailSenderAutoConfiguration.MailSenderCondition)
      Matched:
         - @ConditionalOnClass found required classes 'javax.mail.internet.MimeMessage', 'javax.activation.MimeType', 'org.springframework.mail.MailSender' (OnClassCondition)

   MailSenderValidatorAutoConfiguration:
      Did not match:
         - @ConditionalOnProperty (spring.mail.test-connection) did not find property 'test-connection' (OnPropertyCondition)

   MessageSourceAutoConfiguration:
      Did not match:
         - ResourceBundle did not find bundle with basename messages (MessageSourceAutoConfiguration.ResourceBundleCondition)

   MongoAutoConfiguration:
      Did not match:
         - @ConditionalOnClass did not find required class 'com.mongodb.client.MongoClient' (OnClassCondition)

   MongoDataAutoConfiguration:
      Did not match:
         - @ConditionalOnClass did not find required class 'com.mongodb.client.MongoClient' (OnClassCondition)

   MongoReactiveAutoConfiguration:
      Did not match:
         - @ConditionalOnClass did not find required class 'com.mongodb.reactivestreams.client.MongoClient' (OnClassCondition)

   MongoReactiveDataAutoConfiguration:
      Did not match:
         - @ConditionalOnClass did not find required class 'com.mongodb.reactivestreams.client.MongoClient' (OnClassCondition)

   MongoReactiveRepositoriesAutoConfiguration:
      Did not match:
         - @ConditionalOnClass did not find required class 'com.mongodb.reactivestreams.client.MongoClient' (OnClassCondition)

   MongoRepositoriesAutoConfiguration:
      Did not match:
         - @ConditionalOnClass did not find required class 'com.mongodb.client.MongoClient' (OnClassCondition)

   MustacheAutoConfiguration:
      Did not match:
         - @ConditionalOnClass did not find required class 'com.samskivert.mustache.Mustache' (OnClassCondition)

   MybatisPlusAutoConfiguration.MapperScannerRegistrarNotFoundConfiguration:
      Did not match:
         - @ConditionalOnMissingBean (types: org.mybatis.spring.mapper.MapperFactoryBean,org.mybatis.spring.mapper.MapperScannerConfigurer; SearchStrategy: all) found beans of type 'org.mybatis.spring.mapper.MapperScannerConfigurer' com.shanzhu.beadhouse.BackendApplication#MapperScannerRegistrar#0 (OnBeanCondition)

   MybatisPlusLanguageDriverAutoConfiguration.FreeMarkerConfiguration:
      Did not match:
         - @ConditionalOnClass did not find required classes 'org.mybatis.scripting.freemarker.FreeMarkerLanguageDriver', 'org.mybatis.scripting.freemarker.FreeMarkerLanguageDriverConfig' (OnClassCondition)

   MybatisPlusLanguageDriverAutoConfiguration.LegacyFreeMarkerConfiguration:
      Did not match:
         - @ConditionalOnClass did not find required class 'org.mybatis.scripting.freemarker.FreeMarkerLanguageDriver' (OnClassCondition)

   MybatisPlusLanguageDriverAutoConfiguration.ThymeleafConfiguration:
      Did not match:
         - @ConditionalOnClass did not find required class 'org.mybatis.scripting.thymeleaf.ThymeleafLanguageDriver' (OnClassCondition)

   MybatisPlusLanguageDriverAutoConfiguration.VelocityConfiguration:
      Did not match:
         - @ConditionalOnClass did not find required classes 'org.mybatis.scripting.velocity.VelocityLanguageDriver', 'org.mybatis.scripting.velocity.VelocityLanguageDriverConfig' (OnClassCondition)

   Neo4jAutoConfiguration:
      Did not match:
         - @ConditionalOnClass did not find required class 'org.neo4j.driver.Driver' (OnClassCondition)

   Neo4jDataAutoConfiguration:
      Did not match:
         - @ConditionalOnClass did not find required class 'org.neo4j.driver.Driver' (OnClassCondition)

   Neo4jReactiveDataAutoConfiguration:
      Did not match:
         - @ConditionalOnClass did not find required class 'org.neo4j.driver.Driver' (OnClassCondition)

   Neo4jReactiveRepositoriesAutoConfiguration:
      Did not match:
         - @ConditionalOnClass did not find required class 'org.neo4j.driver.Driver' (OnClassCondition)

   Neo4jRepositoriesAutoConfiguration:
      Did not match:
         - @ConditionalOnClass did not find required class 'org.neo4j.driver.Driver' (OnClassCondition)

   NettyAutoConfiguration:
      Did not match:
         - @ConditionalOnClass did not find required class 'io.netty.util.NettyRuntime' (OnClassCondition)

   OAuth2ClientAutoConfiguration:
      Did not match:
         - @ConditionalOnClass did not find required class 'org.springframework.security.oauth2.client.registration.ClientRegistration' (OnClassCondition)

   OAuth2ResourceServerAutoConfiguration:
      Did not match:
         - @ConditionalOnClass did not find required class 'org.springframework.security.oauth2.server.resource.BearerTokenAuthenticationToken' (OnClassCondition)

   ProjectInfoAutoConfiguration#buildProperties:
      Did not match:
         - @ConditionalOnResource did not find resource '${spring.info.build.location:classpath:META-INF/build-info.properties}' (OnResourceCondition)

   ProjectInfoAutoConfiguration#gitProperties:
      Did not match:
         - GitResource did not find git info at classpath:git.properties (ProjectInfoAutoConfiguration.GitResourceAvailableCondition)

   QuartzAutoConfiguration.JdbcStoreTypeConfiguration:
      Did not match:
         - @ConditionalOnProperty (spring.quartz.job-store-type=jdbc) did not find property 'job-store-type' (OnPropertyCondition)

   R2dbcAutoConfiguration:
      Did not match:
         - @ConditionalOnClass did not find required class 'io.r2dbc.spi.ConnectionFactory' (OnClassCondition)

   R2dbcDataAutoConfiguration:
      Did not match:
         - @ConditionalOnClass did not find required class 'org.springframework.data.r2dbc.core.R2dbcEntityTemplate' (OnClassCondition)

   R2dbcInitializationConfiguration:
      Did not match:
         - @ConditionalOnClass did not find required classes 'io.r2dbc.spi.ConnectionFactory', 'org.springframework.r2dbc.connection.init.DatabasePopulator' (OnClassCondition)

   R2dbcRepositoriesAutoConfiguration:
      Did not match:
         - @ConditionalOnClass did not find required class 'io.r2dbc.spi.ConnectionFactory' (OnClassCondition)

   R2dbcTransactionManagerAutoConfiguration:
      Did not match:
         - @ConditionalOnClass did not find required class 'org.springframework.r2dbc.connection.R2dbcTransactionManager' (OnClassCondition)

   RSocketMessagingAutoConfiguration:
      Did not match:
         - @ConditionalOnClass did not find required class 'io.rsocket.RSocket' (OnClassCondition)

   RSocketRequesterAutoConfiguration:
      Did not match:
         - @ConditionalOnClass did not find required class 'io.rsocket.RSocket' (OnClassCondition)

   RSocketSecurityAutoConfiguration:
      Did not match:
         - @ConditionalOnClass did not find required class 'org.springframework.security.rsocket.core.SecuritySocketAcceptorInterceptor' (OnClassCondition)

   RSocketServerAutoConfiguration:
      Did not match:
         - @ConditionalOnClass did not find required class 'io.rsocket.core.RSocketServer' (OnClassCondition)

   RSocketStrategiesAutoConfiguration:
      Did not match:
         - @ConditionalOnClass did not find required class 'io.netty.buffer.PooledByteBufAllocator' (OnClassCondition)

   RabbitAutoConfiguration:
      Did not match:
         - @ConditionalOnClass did not find required class 'com.rabbitmq.client.Channel' (OnClassCondition)

   ReactiveElasticsearchRepositoriesAutoConfiguration:
      Did not match:
         - @ConditionalOnClass did not find required class 'org.springframework.data.elasticsearch.client.reactive.ReactiveElasticsearchClient' (OnClassCondition)

   ReactiveElasticsearchRestClientAutoConfiguration:
      Did not match:
         - @ConditionalOnClass did not find required class 'reactor.netty.http.client.HttpClient' (OnClassCondition)

   ReactiveMultipartAutoConfiguration:
      Did not match:
         - @ConditionalOnClass did not find required class 'org.springframework.web.reactive.config.WebFluxConfigurer' (OnClassCondition)

   ReactiveOAuth2ClientAutoConfiguration:
      Did not match:
         - @ConditionalOnClass did not find required class 'reactor.core.publisher.Flux' (OnClassCondition)

   ReactiveOAuth2ResourceServerAutoConfiguration:
      Did not match:
         - @ConditionalOnWebApplication did not find reactive web application classes (OnWebApplicationCondition)

   ReactiveSecurityAutoConfiguration:
      Did not match:
         - @ConditionalOnClass did not find required class 'reactor.core.publisher.Flux' (OnClassCondition)

   ReactiveUserDetailsServiceAutoConfiguration:
      Did not match:
         - AnyNestedCondition 0 matched 2 did not; NestedCondition on ReactiveUserDetailsServiceAutoConfiguration.ReactiveUserDetailsServiceCondition.ReactiveWebApplicationCondition did not find reactive web application classes; NestedCondition on ReactiveUserDetailsServiceAutoConfiguration.ReactiveUserDetailsServiceCondition.RSocketSecurityEnabledCondition @ConditionalOnBean (types: org.springframework.messaging.rsocket.annotation.support.RSocketMessageHandler; SearchStrategy: all) did not find any beans of type org.springframework.messaging.rsocket.annotation.support.RSocketMessageHandler (ReactiveUserDetailsServiceAutoConfiguration.ReactiveUserDetailsServiceCondition)
      Matched:
         - @ConditionalOnClass found required class 'org.springframework.security.authentication.ReactiveAuthenticationManager' (OnClassCondition)

   ReactiveWebServerFactoryAutoConfiguration:
      Did not match:
         - @ConditionalOnWebApplication did not find reactive web application classes (OnWebApplicationCondition)

   RedisAutoConfiguration#redisTemplate:
      Did not match:
         - @ConditionalOnMissingBean (names: redisTemplate; SearchStrategy: all) found beans named redisTemplate (OnBeanCondition)

   RedisReactiveAutoConfiguration:
      Did not match:
         - @ConditionalOnClass did not find required class 'reactor.core.publisher.Flux' (OnClassCondition)

   RepositoryRestMvcAutoConfiguration:
      Did not match:
         - @ConditionalOnClass did not find required class 'org.springframework.data.rest.webmvc.config.RepositoryRestMvcConfiguration' (OnClassCondition)

   Saml2RelyingPartyAutoConfiguration:
      Did not match:
         - @ConditionalOnClass did not find required class 'org.springframework.security.saml2.provider.service.registration.RelyingPartyRegistrationRepository' (OnClassCondition)

   SecurityDataConfiguration:
      Did not match:
         - @ConditionalOnClass did not find required class 'org.springframework.security.data.repository.query.SecurityEvaluationContextExtension' (OnClassCondition)

   SendGridAutoConfiguration:
      Did not match:
         - @ConditionalOnClass did not find required class 'com.sendgrid.SendGrid' (OnClassCondition)

   ServletWebServerFactoryAutoConfiguration#forwardedHeaderFilter:
      Did not match:
         - @ConditionalOnProperty (server.forward-headers-strategy=framework) did not find property 'server.forward-headers-strategy' (OnPropertyCondition)

   ServletWebServerFactoryConfiguration.EmbeddedJetty:
      Did not match:
         - @ConditionalOnClass did not find required classes 'org.eclipse.jetty.server.Server', 'org.eclipse.jetty.util.Loader', 'org.eclipse.jetty.webapp.WebAppContext' (OnClassCondition)

   ServletWebServerFactoryConfiguration.EmbeddedUndertow:
      Did not match:
         - @ConditionalOnClass did not find required classes 'io.undertow.Undertow', 'org.xnio.SslClientAuthMode' (OnClassCondition)

   SessionAutoConfiguration:
      Did not match:
         - @ConditionalOnClass did not find required class 'org.springframework.session.Session' (OnClassCondition)

   SolrAutoConfiguration:
      Did not match:
         - @ConditionalOnClass did not find required class 'org.apache.solr.client.solrj.impl.CloudSolrClient' (OnClassCondition)

   SpringApplicationAdminJmxAutoConfiguration:
      Did not match:
         - @ConditionalOnProperty (spring.application.admin.enabled=true) did not find property 'enabled' (OnPropertyCondition)

   SpringBootWebSecurityConfiguration:
      Did not match:
         - AllNestedConditions 1 matched 1 did not; NestedCondition on DefaultWebSecurityCondition.Beans @ConditionalOnMissingBean (types: org.springframework.security.config.annotation.web.configuration.WebSecurityConfigurerAdapter,org.springframework.security.web.SecurityFilterChain; SearchStrategy: all) found beans of type 'org.springframework.security.config.annotation.web.configuration.WebSecurityConfigurerAdapter' securityConfig; NestedCondition on DefaultWebSecurityCondition.Classes @ConditionalOnClass found required classes 'org.springframework.security.web.SecurityFilterChain', 'org.springframework.security.config.annotation.web.builders.HttpSecurity' (DefaultWebSecurityCondition)
      Matched:
         - found 'session' scope (OnWebApplicationCondition)

   SpringfoxWebFluxConfiguration:
      Did not match:
         - did not find reactive web application classes (OnWebApplicationCondition)

   Swagger2ControllerWebFlux:
      Did not match:
         - did not find reactive web application classes (OnWebApplicationCondition)

   Swagger2WebFluxConfiguration:
      Did not match:
         - did not find reactive web application classes (OnWebApplicationCondition)

   TaskSchedulingAutoConfiguration#taskScheduler:
      Did not match:
         - @ConditionalOnBean (names: org.springframework.context.annotation.internalScheduledAnnotationProcessor; SearchStrategy: all) did not find any beans named org.springframework.context.annotation.internalScheduledAnnotationProcessor (OnBeanCondition)

   ThymeleafAutoConfiguration:
      Did not match:
         - @ConditionalOnClass did not find required class 'org.thymeleaf.spring5.SpringTemplateEngine' (OnClassCondition)

   TransactionAutoConfiguration#transactionalOperator:
      Did not match:
         - @ConditionalOnSingleCandidate (types: org.springframework.transaction.ReactiveTransactionManager; SearchStrategy: all) did not find any beans (OnBeanCondition)

   TransactionAutoConfiguration.EnableTransactionManagementConfiguration.JdkDynamicAutoProxyConfiguration:
      Did not match:
         - @ConditionalOnProperty (spring.aop.proxy-target-class=false) did not find property 'proxy-target-class' (OnPropertyCondition)

   UserDetailsServiceAutoConfiguration:
      Did not match:
         - @ConditionalOnMissingBean (types: org.springframework.security.authentication.AuthenticationManager,org.springframework.security.authentication.AuthenticationProvider,org.springframework.security.core.userdetails.UserDetailsService,org.springframework.security.authentication.AuthenticationManagerResolver,org.springframework.security.oauth2.jwt.JwtDecoder,org.springframework.security.oauth2.server.resource.introspection.OpaqueTokenIntrospector,org.springframework.security.oauth2.client.registration.ClientRegistrationRepository; SearchStrategy: all) found beans of type 'org.springframework.security.authentication.AuthenticationManager' authenticationManagerBean and found beans of type 'org.springframework.security.core.userdetails.UserDetailsService' userDetailsServiceImpl (OnBeanCondition)
      Matched:
         - @ConditionalOnClass found required class 'org.springframework.security.authentication.AuthenticationManager' (OnClassCondition)

   ValidationAutoConfiguration:
      Did not match:
         - @ConditionalOnClass did not find required class 'javax.validation.executable.ExecutableValidator' (OnClassCondition)

   WebClientAutoConfiguration:
      Did not match:
         - @ConditionalOnClass did not find required class 'org.springframework.web.reactive.function.client.WebClient' (OnClassCondition)

   WebFluxAutoConfiguration:
      Did not match:
         - @ConditionalOnClass did not find required class 'org.springframework.web.reactive.config.WebFluxConfigurer' (OnClassCondition)

   WebFluxRequestHandlerProvider:
      Did not match:
         - did not find reactive web application classes (OnWebApplicationCondition)

   WebMvcAutoConfiguration#hiddenHttpMethodFilter:
      Did not match:
         - @ConditionalOnProperty (spring.mvc.hiddenmethod.filter.enabled) did not find property 'enabled' (OnPropertyCondition)

   WebMvcAutoConfiguration.ResourceChainCustomizerConfiguration:
      Did not match:
         - @ConditionalOnEnabledResourceChain did not find class org.webjars.WebJarAssetLocator (OnEnabledResourceChainCondition)

   WebMvcAutoConfiguration.WebMvcAutoConfigurationAdapter#beanNameViewResolver:
      Did not match:
         - @ConditionalOnMissingBean (types: org.springframework.web.servlet.view.BeanNameViewResolver; SearchStrategy: all) found beans of type 'org.springframework.web.servlet.view.BeanNameViewResolver' beanNameViewResolver (OnBeanCondition)

   WebServiceTemplateAutoConfiguration:
      Did not match:
         - @ConditionalOnClass did not find required class 'org.springframework.ws.client.core.WebServiceTemplate' (OnClassCondition)

   WebServicesAutoConfiguration:
      Did not match:
         - @ConditionalOnClass did not find required class 'org.springframework.ws.transport.http.MessageDispatcherServlet' (OnClassCondition)

   WebSessionIdResolverAutoConfiguration:
      Did not match:
         - @ConditionalOnClass did not find required class 'reactor.core.publisher.Mono' (OnClassCondition)

   WebSocketMessagingAutoConfiguration:
      Did not match:
         - @ConditionalOnClass did not find required class 'org.springframework.web.socket.config.annotation.WebSocketMessageBrokerConfigurer' (OnClassCondition)

   WebSocketReactiveAutoConfiguration:
      Did not match:
         - @ConditionalOnWebApplication did not find reactive web application classes (OnWebApplicationCondition)

   WebSocketServletAutoConfiguration.Jetty10WebSocketConfiguration:
      Did not match:
         - @ConditionalOnClass did not find required classes 'org.eclipse.jetty.websocket.javax.server.internal.JavaxWebSocketServerContainer', 'org.eclipse.jetty.websocket.server.JettyWebSocketServerContainer' (OnClassCondition)

   WebSocketServletAutoConfiguration.JettyWebSocketConfiguration:
      Did not match:
         - @ConditionalOnClass did not find required class 'org.eclipse.jetty.websocket.jsr356.server.deploy.WebSocketServerContainerInitializer' (OnClassCondition)

   WebSocketServletAutoConfiguration.UndertowWebSocketConfiguration:
      Did not match:
         - @ConditionalOnClass did not find required class 'io.undertow.websockets.jsr.Bootstrap' (OnClassCondition)

   XADataSourceAutoConfiguration:
      Did not match:
         - @ConditionalOnClass did not find required class 'javax.transaction.TransactionManager' (OnClassCondition)


Exclusions:
-----------

    None


Unconditional classes:
----------------------

    org.springframework.boot.autoconfigure.context.ConfigurationPropertiesAutoConfiguration

    org.springframework.boot.autoconfigure.context.LifecycleAutoConfiguration

    org.springframework.boot.autoconfigure.context.PropertyPlaceholderAutoConfiguration

    com.baomidou.mybatisplus.autoconfigure.IdentifierGeneratorAutoConfiguration

    cn.hutool.extra.spring.SpringUtil

    org.springframework.boot.autoconfigure.availability.ApplicationAvailabilityAutoConfiguration

    org.springframework.boot.autoconfigure.info.ProjectInfoAutoConfiguration



2026-03-27 15:57:45.437  INFO 31348 --- [           main] c.shanzhu.beadhouse.BackendApplication   : Started BackendApplication in 6.454 seconds (JVM running for 6.759)
2026-03-27 15:57:45.439 DEBUG 31348 --- [           main] o.s.b.a.ApplicationAvailabilityBean      : Application availability state LivenessState changed to CORRECT
2026-03-27 15:57:45.442 DEBUG 31348 --- [           main] o.s.b.a.ApplicationAvailabilityBean      : Application availability state ReadinessState changed to ACCEPTING_TRAFFIC
2026-03-27 15:57:45.444  INFO 31348 --- [           main] c.shanzhu.beadhouse.BackendApplication   : =====================项目后端启动成功============================
Creating a new SqlSession
SqlSession [org.apache.ibatis.session.defaults.DefaultSqlSession@32d67f3c] was not registered for synchronization because synchronization is not active
original SQL: SELECT  id,tenant_code,tenant_name,active_flag,expire_time,contact_name,contact_phone,remark,create_id,create_time,update_id,update_time  FROM tenant 
 
 WHERE (tenant_code = ?)
SQL to parse, SQL: SELECT  id,tenant_code,tenant_name,active_flag,expire_time,contact_name,contact_phone,remark,create_id,create_time,update_id,update_time  FROM tenant 
 
 WHERE (tenant_code = ?)
parse the finished SQL: SELECT id, tenant_code, tenant_name, active_flag, expire_time, contact_name, contact_phone, remark, create_id, create_time, update_id, update_time FROM tenant WHERE (tenant_code = ?)
JDBC Connection [com.mysql.cj.jdbc.ConnectionImpl@55c8de79] will not be managed by Spring
==>  Preparing: SELECT id, tenant_code, tenant_name, active_flag, expire_time, contact_name, contact_phone, remark, create_id, create_time, update_id, update_time FROM tenant WHERE (tenant_code = ?)
==> Parameters: default(String)
Closing non transactional SqlSession [org.apache.ibatis.session.defaults.DefaultSqlSession@32d67f3c]
2026-03-27 15:57:46.059 DEBUG 31348 --- [nio-9004-exec-1] .m.m.a.ExceptionHandlerExceptionResolver : Using @ExceptionHandler com.shanzhu.beadhouse.common.config.exception.BusinessRuntimeExceptionAdvice#exceptionHandler(Exception, HttpServletResponse, HttpServletRequest)
2026-03-27 15:57:46.061  INFO 31348 --- [nio-9004-exec-1] s.b.c.c.e.BusinessRuntimeExceptionAdvice : 认证失败
org.springframework.security.authentication.InternalAuthenticationServiceException: 
### Error querying database.  Cause: java.sql.SQLSyntaxErrorException: Table 'yly.tenant' doesn't exist
### The error may exist in com/shanzhu/beadhouse/dao/mapper/TenantMapper.java (best guess)
### The error may involve defaultParameterMap
### The error occurred while setting parameters
### SQL: SELECT id, tenant_code, tenant_name, active_flag, expire_time, contact_name, contact_phone, remark, create_id, create_time, update_id, update_time FROM tenant WHERE (tenant_code = ?)
### Cause: java.sql.SQLSyntaxErrorException: Table 'yly.tenant' doesn't exist
; bad SQL grammar []; nested exception is java.sql.SQLSyntaxErrorException: Table 'yly.tenant' doesn't exist
	at org.springframework.security.authentication.dao.DaoAuthenticationProvider.retrieveUser(DaoAuthenticationProvider.java:108)
	at org.springframework.security.authentication.dao.AbstractUserDetailsAuthenticationProvider.authenticate(AbstractUserDetailsAuthenticationProvider.java:133)
	at org.springframework.security.authentication.ProviderManager.authenticate(ProviderManager.java:182)
	at org.springframework.security.authentication.ProviderManager.authenticate(ProviderManager.java:201)
	at org.springframework.security.config.annotation.web.configuration.WebSecurityConfigurerAdapter$AuthenticationManagerDelegator.authenticate(WebSecurityConfigurerAdapter.java:518)
	at com.shanzhu.beadhouse.service.impl.AccountServiceImpl.login(AccountServiceImpl.java:50)
	at com.shanzhu.beadhouse.controller.AccountController.login(AccountController.java:27)
	at sun.reflect.NativeMethodAccessorImpl.invoke0(Native Method)
	at sun.reflect.NativeMethodAccessorImpl.invoke(NativeMethodAccessorImpl.java:62)
	at sun.reflect.DelegatingMethodAccessorImpl.invoke(DelegatingMethodAccessorImpl.java:43)
	at java.lang.reflect.Method.invoke(Method.java:498)
	at org.springframework.web.method.support.InvocableHandlerMethod.doInvoke(InvocableHandlerMethod.java:205)
	at org.springframework.web.method.support.InvocableHandlerMethod.invokeForRequest(InvocableHandlerMethod.java:150)
	at org.springframework.web.servlet.mvc.method.annotation.ServletInvocableHandlerMethod.invokeAndHandle(ServletInvocableHandlerMethod.java:117)
	at org.springframework.web.servlet.mvc.method.annotation.RequestMappingHandlerAdapter.invokeHandlerMethod(RequestMappingHandlerAdapter.java:895)
	at org.springframework.web.servlet.mvc.method.annotation.RequestMappingHandlerAdapter.handleInternal(RequestMappingHandlerAdapter.java:808)
	at org.springframework.web.servlet.mvc.method.AbstractHandlerMethodAdapter.handle(AbstractHandlerMethodAdapter.java:87)
	at org.springframework.web.servlet.DispatcherServlet.doDispatch(DispatcherServlet.java:1067)
	at org.springframework.web.servlet.DispatcherServlet.doService(DispatcherServlet.java:963)
	at org.springframework.web.servlet.FrameworkServlet.processRequest(FrameworkServlet.java:1006)
	at org.springframework.web.servlet.FrameworkServlet.doPost(FrameworkServlet.java:909)
	at javax.servlet.http.HttpServlet.service(HttpServlet.java:681)
	at org.springframework.web.servlet.FrameworkServlet.service(FrameworkServlet.java:883)
	at javax.servlet.http.HttpServlet.service(HttpServlet.java:764)
	at org.apache.catalina.core.ApplicationFilterChain.internalDoFilter(ApplicationFilterChain.java:227)
	at org.apache.catalina.core.ApplicationFilterChain.doFilter(ApplicationFilterChain.java:162)
	at org.apache.tomcat.websocket.server.WsFilter.doFilter(WsFilter.java:53)
	at org.apache.catalina.core.ApplicationFilterChain.internalDoFilter(ApplicationFilterChain.java:189)
	at org.apache.catalina.core.ApplicationFilterChain.doFilter(ApplicationFilterChain.java:162)
	at org.springframework.web.filter.OncePerRequestFilter.doFilter(OncePerRequestFilter.java:113)
	at org.apache.catalina.core.ApplicationFilterChain.internalDoFilter(ApplicationFilterChain.java:189)
	at org.apache.catalina.core.ApplicationFilterChain.doFilter(ApplicationFilterChain.java:162)
	at org.springframework.security.web.FilterChainProxy$VirtualFilterChain.doFilter(FilterChainProxy.java:327)
	at org.springframework.security.web.access.intercept.FilterSecurityInterceptor.invoke(FilterSecurityInterceptor.java:115)
	at org.springframework.security.web.access.intercept.FilterSecurityInterceptor.doFilter(FilterSecurityInterceptor.java:81)
	at org.springframework.security.web.FilterChainProxy$VirtualFilterChain.doFilter(FilterChainProxy.java:336)
	at org.springframework.security.web.access.ExceptionTranslationFilter.doFilter(ExceptionTranslationFilter.java:122)
	at org.springframework.security.web.access.ExceptionTranslationFilter.doFilter(ExceptionTranslationFilter.java:116)
	at org.springframework.security.web.FilterChainProxy$VirtualFilterChain.doFilter(FilterChainProxy.java:336)
	at org.springframework.security.web.session.SessionManagementFilter.doFilter(SessionManagementFilter.java:126)
	at org.springframework.security.web.session.SessionManagementFilter.doFilter(SessionManagementFilter.java:81)
	at org.springframework.security.web.FilterChainProxy$VirtualFilterChain.doFilter(FilterChainProxy.java:336)
	at org.springframework.security.web.authentication.AnonymousAuthenticationFilter.doFilter(AnonymousAuthenticationFilter.java:109)
	at org.springframework.security.web.FilterChainProxy$VirtualFilterChain.doFilter(FilterChainProxy.java:336)
	at org.springframework.security.web.servletapi.SecurityContextHolderAwareRequestFilter.doFilter(SecurityContextHolderAwareRequestFilter.java:149)
	at org.springframework.security.web.FilterChainProxy$VirtualFilterChain.doFilter(FilterChainProxy.java:336)
	at org.springframework.security.web.savedrequest.RequestCacheAwareFilter.doFilter(RequestCacheAwareFilter.java:63)
	at org.springframework.security.web.FilterChainProxy$VirtualFilterChain.doFilter(FilterChainProxy.java:336)
	at com.shanzhu.beadhouse.common.config.security.filter.JwtAuthenticationTokenFilter.doFilterInternal(JwtAuthenticationTokenFilter.java:50)
	at org.springframework.web.filter.OncePerRequestFilter.doFilter(OncePerRequestFilter.java:119)
	at org.springframework.security.web.FilterChainProxy$VirtualFilterChain.doFilter(FilterChainProxy.java:336)
	at org.springframework.security.web.authentication.logout.LogoutFilter.doFilter(LogoutFilter.java:103)
	at org.springframework.security.web.authentication.logout.LogoutFilter.doFilter(LogoutFilter.java:89)
	at org.springframework.security.web.FilterChainProxy$VirtualFilterChain.doFilter(FilterChainProxy.java:336)
	at org.springframework.web.filter.CorsFilter.doFilterInternal(CorsFilter.java:91)
	at org.springframework.web.filter.OncePerRequestFilter.doFilter(OncePerRequestFilter.java:119)
	at org.springframework.security.web.FilterChainProxy$VirtualFilterChain.doFilter(FilterChainProxy.java:336)
	at org.springframework.security.web.header.HeaderWriterFilter.doHeadersAfter(HeaderWriterFilter.java:90)
	at org.springframework.security.web.header.HeaderWriterFilter.doFilterInternal(HeaderWriterFilter.java:75)
	at org.springframework.web.filter.OncePerRequestFilter.doFilter(OncePerRequestFilter.java:119)
	at org.springframework.security.web.FilterChainProxy$VirtualFilterChain.doFilter(FilterChainProxy.java:336)
	at org.springframework.security.web.context.SecurityContextPersistenceFilter.doFilter(SecurityContextPersistenceFilter.java:110)
	at org.springframework.security.web.context.SecurityContextPersistenceFilter.doFilter(SecurityContextPersistenceFilter.java:80)
	at org.springframework.security.web.FilterChainProxy$VirtualFilterChain.doFilter(FilterChainProxy.java:336)
	at org.springframework.security.web.context.request.async.WebAsyncManagerIntegrationFilter.doFilterInternal(WebAsyncManagerIntegrationFilter.java:55)
	at org.springframework.web.filter.OncePerRequestFilter.doFilter(OncePerRequestFilter.java:119)
	at org.springframework.security.web.FilterChainProxy$VirtualFilterChain.doFilter(FilterChainProxy.java:336)
	at org.springframework.security.web.FilterChainProxy.doFilterInternal(FilterChainProxy.java:211)
	at org.springframework.security.web.FilterChainProxy.doFilter(FilterChainProxy.java:183)
	at org.springframework.web.filter.DelegatingFilterProxy.invokeDelegate(DelegatingFilterProxy.java:358)
	at org.springframework.web.filter.DelegatingFilterProxy.doFilter(DelegatingFilterProxy.java:271)
	at org.apache.catalina.core.ApplicationFilterChain.internalDoFilter(ApplicationFilterChain.java:189)
	at org.apache.catalina.core.ApplicationFilterChain.doFilter(ApplicationFilterChain.java:162)
	at org.springframework.web.filter.RequestContextFilter.doFilterInternal(RequestContextFilter.java:100)
	at org.springframework.web.filter.OncePerRequestFilter.doFilter(OncePerRequestFilter.java:119)
	at org.apache.catalina.core.ApplicationFilterChain.internalDoFilter(ApplicationFilterChain.java:189)
	at org.apache.catalina.core.ApplicationFilterChain.doFilter(ApplicationFilterChain.java:162)
	at org.springframework.web.filter.FormContentFilter.doFilterInternal(FormContentFilter.java:93)
	at org.springframework.web.filter.OncePerRequestFilter.doFilter(OncePerRequestFilter.java:119)
	at org.apache.catalina.core.ApplicationFilterChain.internalDoFilter(ApplicationFilterChain.java:189)
	at org.apache.catalina.core.ApplicationFilterChain.doFilter(ApplicationFilterChain.java:162)
	at org.springframework.web.filter.CharacterEncodingFilter.doFilterInternal(CharacterEncodingFilter.java:201)
	at org.springframework.web.filter.OncePerRequestFilter.doFilter(OncePerRequestFilter.java:119)
	at org.apache.catalina.core.ApplicationFilterChain.internalDoFilter(ApplicationFilterChain.java:189)
	at org.apache.catalina.core.ApplicationFilterChain.doFilter(ApplicationFilterChain.java:162)
	at org.apache.catalina.core.StandardWrapperValve.invoke(StandardWrapperValve.java:197)
	at org.apache.catalina.core.StandardContextValve.invoke(StandardContextValve.java:97)
	at org.apache.catalina.authenticator.AuthenticatorBase.invoke(AuthenticatorBase.java:540)
	at org.apache.catalina.core.StandardHostValve.invoke(StandardHostValve.java:135)
	at org.apache.catalina.valves.ErrorReportValve.invoke(ErrorReportValve.java:92)
	at org.apache.catalina.core.StandardEngineValve.invoke(StandardEngineValve.java:78)
	at org.apache.catalina.connector.CoyoteAdapter.service(CoyoteAdapter.java:357)
	at org.apache.coyote.http11.Http11Processor.service(Http11Processor.java:382)
	at org.apache.coyote.AbstractProcessorLight.process(AbstractProcessorLight.java:65)
	at org.apache.coyote.AbstractProtocol$ConnectionHandler.process(AbstractProtocol.java:895)
	at org.apache.tomcat.util.net.NioEndpoint$SocketProcessor.doRun(NioEndpoint.java:1722)
	at org.apache.tomcat.util.net.SocketProcessorBase.run(SocketProcessorBase.java:49)
	at org.apache.tomcat.util.threads.ThreadPoolExecutor.runWorker(ThreadPoolExecutor.java:1191)
	at org.apache.tomcat.util.threads.ThreadPoolExecutor$Worker.run(ThreadPoolExecutor.java:659)
	at org.apache.tomcat.util.threads.TaskThread$WrappingRunnable.run(TaskThread.java:61)
	at java.lang.Thread.run(Thread.java:750)
Caused by: org.springframework.jdbc.BadSqlGrammarException: 
### Error querying database.  Cause: java.sql.SQLSyntaxErrorException: Table 'yly.tenant' doesn't exist
### The error may exist in com/shanzhu/beadhouse/dao/mapper/TenantMapper.java (best guess)
### The error may involve defaultParameterMap
### The error occurred while setting parameters
### SQL: SELECT id, tenant_code, tenant_name, active_flag, expire_time, contact_name, contact_phone, remark, create_id, create_time, update_id, update_time FROM tenant WHERE (tenant_code = ?)
### Cause: java.sql.SQLSyntaxErrorException: Table 'yly.tenant' doesn't exist
; bad SQL grammar []; nested exception is java.sql.SQLSyntaxErrorException: Table 'yly.tenant' doesn't exist
	at org.springframework.jdbc.support.SQLErrorCodeSQLExceptionTranslator.doTranslate(SQLErrorCodeSQLExceptionTranslator.java:239)
	at org.springframework.jdbc.support.AbstractFallbackSQLExceptionTranslator.translate(AbstractFallbackSQLExceptionTranslator.java:70)
	at org.mybatis.spring.MyBatisExceptionTranslator.translateExceptionIfPossible(MyBatisExceptionTranslator.java:91)
	at org.mybatis.spring.SqlSessionTemplate$SqlSessionInterceptor.invoke(SqlSessionTemplate.java:441)
	at com.sun.proxy.$Proxy89.selectList(Unknown Source)
	at org.mybatis.spring.SqlSessionTemplate.selectList(SqlSessionTemplate.java:224)
	at com.baomidou.mybatisplus.core.override.MybatisMapperMethod.executeForMany(MybatisMapperMethod.java:166)
	at com.baomidou.mybatisplus.core.override.MybatisMapperMethod.execute(MybatisMapperMethod.java:77)
	at com.baomidou.mybatisplus.core.override.MybatisMapperProxy$PlainMethodInvoker.invoke(MybatisMapperProxy.java:148)
	at com.baomidou.mybatisplus.core.override.MybatisMapperProxy.invoke(MybatisMapperProxy.java:89)
	at com.sun.proxy.$Proxy92.selectList(Unknown Source)
	at com.baomidou.mybatisplus.core.mapper.BaseMapper.selectOne(BaseMapper.java:174)
	at java.lang.invoke.MethodHandle.invokeWithArguments(MethodHandle.java:627)
	at com.baomidou.mybatisplus.core.override.MybatisMapperProxy$DefaultMethodInvoker.invoke(MybatisMapperProxy.java:162)
	at com.baomidou.mybatisplus.core.override.MybatisMapperProxy.invoke(MybatisMapperProxy.java:89)
	at com.sun.proxy.$Proxy92.selectOne(Unknown Source)
	at com.shanzhu.beadhouse.common.config.security.service.UserDetailsServiceImpl.loadUserByUsername(UserDetailsServiceImpl.java:52)
	at org.springframework.security.authentication.dao.DaoAuthenticationProvider.retrieveUser(DaoAuthenticationProvider.java:93)
	... 100 more
Caused by: java.sql.SQLSyntaxErrorException: Table 'yly.tenant' doesn't exist
	at com.mysql.cj.jdbc.exceptions.SQLError.createSQLException(SQLError.java:120)
	at com.mysql.cj.jdbc.exceptions.SQLExceptionsMapping.translateException(SQLExceptionsMapping.java:122)
	at com.mysql.cj.jdbc.ClientPreparedStatement.executeInternal(ClientPreparedStatement.java:953)
	at com.mysql.cj.jdbc.ClientPreparedStatement.execute(ClientPreparedStatement.java:370)
	at com.alibaba.druid.pool.DruidPooledPreparedStatement.execute(DruidPooledPreparedStatement.java:497)
	at sun.reflect.NativeMethodAccessorImpl.invoke0(Native Method)
	at sun.reflect.NativeMethodAccessorImpl.invoke(NativeMethodAccessorImpl.java:62)
	at sun.reflect.DelegatingMethodAccessorImpl.invoke(DelegatingMethodAccessorImpl.java:43)
	at java.lang.reflect.Method.invoke(Method.java:498)
	at org.apache.ibatis.logging.jdbc.PreparedStatementLogger.invoke(PreparedStatementLogger.java:59)
	at com.sun.proxy.$Proxy169.execute(Unknown Source)
	at org.apache.ibatis.executor.statement.PreparedStatementHandler.query(PreparedStatementHandler.java:64)
	at org.apache.ibatis.executor.statement.RoutingStatementHandler.query(RoutingStatementHandler.java:79)
	at sun.reflect.NativeMethodAccessorImpl.invoke0(Native Method)
	at sun.reflect.NativeMethodAccessorImpl.invoke(NativeMethodAccessorImpl.java:62)
	at sun.reflect.DelegatingMethodAccessorImpl.invoke(DelegatingMethodAccessorImpl.java:43)
	at java.lang.reflect.Method.invoke(Method.java:498)
	at org.apache.ibatis.plugin.Plugin.invoke(Plugin.java:64)
	at com.sun.proxy.$Proxy167.query(Unknown Source)
	at org.apache.ibatis.executor.SimpleExecutor.doQuery(SimpleExecutor.java:63)
	at org.apache.ibatis.executor.BaseExecutor.queryFromDatabase(BaseExecutor.java:325)
	at org.apache.ibatis.executor.BaseExecutor.query(BaseExecutor.java:156)
	at org.apache.ibatis.executor.CachingExecutor.query(CachingExecutor.java:109)
	at com.baomidou.mybatisplus.extension.plugins.MybatisPlusInterceptor.intercept(MybatisPlusInterceptor.java:81)
	at org.apache.ibatis.plugin.Plugin.invoke(Plugin.java:62)
	at com.sun.proxy.$Proxy166.query(Unknown Source)
	at org.apache.ibatis.session.defaults.DefaultSqlSession.selectList(DefaultSqlSession.java:151)
	at org.apache.ibatis.session.defaults.DefaultSqlSession.selectList(DefaultSqlSession.java:145)
	at org.apache.ibatis.session.defaults.DefaultSqlSession.selectList(DefaultSqlSession.java:140)
	at sun.reflect.NativeMethodAccessorImpl.invoke0(Native Method)
	at sun.reflect.NativeMethodAccessorImpl.invoke(NativeMethodAccessorImpl.java:62)
	at sun.reflect.DelegatingMethodAccessorImpl.invoke(DelegatingMethodAccessorImpl.java:43)
	at java.lang.reflect.Method.invoke(Method.java:498)
	at org.mybatis.spring.SqlSessionTemplate$SqlSessionInterceptor.invoke(SqlSessionTemplate.java:427)
	... 114 more
2026-03-27 15:57:46.148 DEBUG 31348 --- [nio-9004-exec-1] .m.m.a.ExceptionHandlerExceptionResolver : Resolved [org.springframework.security.authentication.InternalAuthenticationServiceException: <CR><LF>### Error querying database.  Cause: java.sql.SQLSyntaxErrorException: Table 'yly.tenant' doesn't exist<CR><LF>### The error may exist in com/shanzhu/beadhouse/dao/mapper/TenantMapper.java (best guess)<CR><LF>### The error may involve defaultParameterMap<CR><LF>### The error occurred while setting parameters<CR><LF>### SQL: SELECT id, tenant_code, tenant_name, active_flag, expire_time, contact_name, contact_phone, remark, create_id, create_time, update_id, update_time FROM tenant WHERE (tenant_code = ?)<CR><LF>### Cause: java.sql.SQLSyntaxErrorException: Table 'yly.tenant' doesn't exist<LF>; bad SQL grammar []; nested exception is java.sql.SQLSyntaxErrorException: Table 'yly.tenant' doesn't exist]
2026-03-27 15:57:46.149 DEBUG 31348 --- [nio-9004-exec-1] o.s.web.servlet.DispatcherServlet        : Completed 200 OK
